date,open,high,low,close,change
2009-07-16,1459.2,1462.7,1457.3,1457.9,0.0
2009-07-17,1460.8,1460.8,1460.8,1460.8,0.2
2009-07-20,1461.8,1461.8,1461.8,1461.8,0.07
2009-07-21,1463.0,1463.0,1463.0,1463.0,0.08
2009-07-22,1463.4,1463.6,1463.4,1463.6,0.04
2009-07-23,1463.0,1463.0,1463.0,1463.0,-0.04
2009-07-24,1470.0,1470.2,1463.0,1463.0,0.0
2009-07-27,1463.1,1463.1,1463.1,1463.1,0.01
2009-07-28,1464.5,1464.5,1464.5,1464.5,0.1
2009-07-29,1476.8,1476.8,1464.3,1464.3,-0.01
2009-07-30,1464.6,1464.6,1464.6,1464.6,0.02
2009-07-31,1462.3,1465.0,1462.3,1465.0,0.03
2009-08-03,1464.2,1464.2,1464.2,1464.2,-0.05
2009-08-04,1464.5,1464.5,1464.5,1464.5,0.02
2009-08-05,1464.3,1464.3,1464.3,1464.3,-0.01
2009-08-06,1465.0,1466.6,1465.0,1466.6,0.16
2009-08-07,1466.9,1466.9,1466.9,1466.9,0.02
2009-08-10,1466.3,1466.3,1466.3,1466.3,-0.04
2009-08-11,1467.5,1467.5,1466.0,1466.0,-0.02
2009-08-12,1469.3,1469.3,1467.1,1467.1,0.08
2009-08-13,1461.7,1467.4,1461.7,1467.4,0.02
2009-08-14,1465.6,1465.6,1465.6,1465.6,-0.12
2009-08-17,1467.3,1467.3,1467.3,1467.3,0.12
2009-08-18,1469.0,1469.0,1468.8,1468.8,0.1
2009-08-19,1463.5,1468.2,1455.2,1455.2,-0.93
2009-08-20,1456.4,1469.7,1456.4,1469.7,1.0
2009-08-21,1468.9,1468.9,1468.9,1468.9,-0.05
2009-08-24,1468.6,1470.0,1468.6,1470.0,0.07
2009-08-25,1468.1,1468.1,1468.1,1468.1,-0.13
2009-08-26,1468.1,1469.5,1468.0,1469.5,0.1
2009-08-27,1475.2,1475.2,1469.4,1469.4,-0.01
2009-08-28,1475.4,1475.4,1475.4,1475.4,0.41
2009-08-31,1469.5,1469.5,1469.5,1469.5,-0.4
2009-09-01,1463.5,1468.6,1463.5,1468.6,-0.06
2009-09-02,1470.9,1470.9,1470.9,1470.9,0.16
2009-09-03,1470.9,1470.9,1470.9,1470.9,0.0
2009-09-04,1469.8,1469.8,1469.8,1469.8,-0.07
2009-09-07,1462.7,1470.9,1462.7,1470.9,0.07
2009-09-08,1472.2,1472.2,1472.2,1472.2,0.09
2009-09-09,1472.9,1472.9,1472.9,1472.9,0.05
2009-09-10,1472.5,1472.5,1467.9,1468.3,-0.31
2009-09-11,1472.3,1472.3,1472.3,1472.3,0.27
2009-09-14,1472.2,1472.2,1472.2,1472.2,-0.01
2009-09-15,1473.4,1473.4,1468.3,1472.7,0.03
2009-09-16,1473.1,1473.1,1473.1,1473.1,0.03
2009-09-17,1473.2,1473.2,1471.9,1472.7,-0.03
2009-09-18,1473.1,1473.1,1473.0,1473.0,0.02
2009-09-21,1473.1,1473.1,1471.1,1471.1,-0.13
2009-09-22,1474.6,1474.6,1474.6,1474.6,0.24
2009-09-23,1474.5,1474.6,1474.1,1474.1,-0.03
2009-09-24,1474.1,1485.4,1474.1,1485.4,0.77
2009-09-25,1474.8,1475.3,1474.4,1475.3,-0.68
2009-09-28,1474.0,1474.8,1474.0,1474.8,-0.03
2009-09-29,1474.4,1474.6,1471.3,1474.6,-0.01
2009-09-30,1475.5,1475.5,1475.5,1475.5,0.06
2009-10-01,1475.5,1476.8,1474.5,1476.8,0.09
2009-10-02,1469.6,1469.6,1469.6,1469.6,-0.49
2009-10-05,1475.4,1475.4,1475.4,1475.4,0.39
2009-10-06,1471.5,1475.3,1471.5,1475.2,-0.01
2009-10-07,1477.0,1477.0,1477.0,1477.0,0.12
2009-10-08,1476.8,1476.8,1476.8,1476.8,-0.01
2009-10-09,1477.3,1477.3,1475.2,1475.2,-0.11
2009-10-12,1476.6,1476.6,1476.6,1476.6,0.09
2009-10-13,1475.6,1475.6,1473.9,1473.9,-0.18
2009-10-14,1476.6,1476.6,1476.6,1476.6,0.18
2009-10-15,1478.2,1478.2,1478.2,1478.2,0.11
2009-10-16,1479.5,1479.5,1479.5,1479.5,0.09
2009-10-19,1477.9,1477.9,1477.9,1477.9,-0.11
2009-10-20,1479.1,1479.1,1479.1,1479.1,0.08
2009-10-21,1479.4,1479.4,1479.4,1479.4,0.02
2009-10-22,1478.9,1478.9,1478.9,1478.9,-0.03
2009-10-23,1479.0,1482.1,1479.0,1482.1,0.22
2009-10-26,1478.7,1478.7,1478.7,1478.7,-0.23
2009-10-27,1481.0,1481.0,1481.0,1481.0,0.16
2009-10-28,1487.0,1487.0,1479.6,1485.7,0.32
2009-10-29,1487.5,1487.6,1468.4,1468.4,-1.16
2009-10-30,1479.5,1488.6,1479.5,1488.6,1.38
2009-11-02,1480.4,1480.4,1480.3,1480.3,-0.56
2009-11-03,1478.6,1479.3,1478.6,1479.0,-0.09
2009-11-04,1467.4,1467.4,1467.4,1467.4,-0.78
2009-11-05,1481.8,1481.8,1481.8,1481.8,0.98
2009-11-06,1481.2,1481.2,1481.2,1481.2,-0.04
2009-11-09,1481.1,1481.1,1481.1,1481.1,-0.01
2009-11-10,1480.7,1480.7,1480.7,1480.7,-0.03
2009-11-11,1482.2,1482.2,1482.2,1482.2,0.1
2009-11-12,1481.8,1481.8,1481.8,1481.8,-0.03
2009-11-13,1481.7,1481.7,1480.0,1480.0,-0.12
2009-11-16,1482.1,1482.1,1482.1,1482.1,0.14
2009-11-17,1484.4,1485.6,1484.4,1485.6,0.24
2009-11-18,1483.1,1483.6,1483.1,1483.6,-0.13
2009-11-19,1483.2,1483.2,1483.2,1483.2,-0.03
2009-11-20,1483.8,1483.8,1483.8,1483.8,0.04
2009-11-23,1482.7,1482.7,1482.7,1482.7,-0.07
2009-11-24,1483.2,1483.2,1483.2,1483.2,0.03
2009-11-25,1484.6,1484.6,1483.5,1483.5,0.02
2009-11-26,1478.9,1484.3,1478.9,1484.3,0.05
2009-11-27,1484.2,1484.2,1484.2,1484.2,-0.01
2009-11-30,1484.9,1484.9,1484.9,1484.9,0.05
2009-12-01,1484.3,1484.3,1482.2,1482.2,-0.18
2009-12-02,1484.9,1488.4,1484.8,1488.4,0.42
2009-12-03,1484.5,1484.5,1484.5,1484.5,-0.26
2009-12-04,1483.9,1483.9,1483.9,1483.9,-0.04
2009-12-07,1502.9,1502.9,1483.7,1483.7,-0.01
2009-12-08,1484.2,1484.2,1484.2,1484.2,0.03
2009-12-09,1485.6,1485.6,1485.6,1485.6,0.09
2009-12-10,1485.8,1485.8,1485.8,1485.8,0.01
2009-12-11,1485.7,1501.2,1485.7,1501.2,1.04
2009-12-14,1485.4,1485.4,1485.4,1485.4,-1.05
2009-12-15,1485.1,1485.1,1485.1,1485.1,-0.02
2009-12-16,1485.7,1485.7,1485.7,1485.7,0.04
2009-12-17,1485.8,1485.8,1485.8,1485.8,0.01
2009-12-18,1485.3,1485.3,1485.3,1485.3,-0.03
2009-12-21,1485.3,1485.3,1485.3,1485.3,0.0
2009-12-22,1491.6,1491.6,1485.6,1485.6,0.02
2009-12-23,1487.8,1487.8,1486.1,1486.1,0.03
2009-12-24,1486.4,1486.4,1486.4,1486.4,0.02
2009-12-28,1486.6,1486.6,1486.6,1486.6,0.01
2009-12-29,1487.6,1487.6,1487.6,1487.6,0.07
2009-12-30,1499.2,1499.2,1486.2,1486.2,-0.09
2009-12-31,1486.5,1486.5,1486.5,1486.5,0.02
2010-01-04,1498.4,1498.4,1484.5,1484.7,-0.12
2010-01-05,1487.3,1487.3,1487.3,1487.3,0.18
2010-01-06,1489.0,1495.1,1486.8,1486.9,-0.03
2010-01-07,1479.5,1489.4,1479.5,1488.5,0.11
2010-01-08,1490.0,1490.0,1490.0,1490.0,0.1
2010-01-11,1489.5,1489.5,1489.5,1489.5,-0.03
2010-01-12,1489.3,1489.3,1489.3,1489.3,-0.01
2010-01-13,1489.7,1489.7,1489.7,1489.7,0.03
2010-01-14,1488.9,1490.2,1488.9,1490.2,0.03
2010-01-15,1492.8,1492.8,1492.8,1492.8,0.17
2010-01-18,1493.1,1493.1,1493.1,1493.1,0.02
2010-01-19,1495.9,1495.9,1495.9,1495.9,0.19
2010-01-20,1496.8,1496.8,1496.8,1496.8,0.06
2010-01-21,1498.4,1498.4,1495.5,1495.5,-0.09
2010-01-22,1492.1,1495.9,1492.1,1495.9,0.03
2010-01-25,1491.0,1499.5,1491.0,1498.3,0.16
2010-01-26,1499.9,1499.9,1499.9,1499.9,0.11
2010-01-27,1498.7,1498.7,1498.7,1498.7,-0.08
2010-01-28,1498.6,1498.6,1498.6,1498.6,-0.01
2010-01-29,1499.4,1499.4,1499.4,1499.4,0.05
2010-02-01,1499.0,1499.0,1499.0,1499.0,-0.03
2010-02-02,1498.3,1498.3,1498.3,1498.3,-0.05
2010-02-03,1497.1,1502.8,1497.1,1502.8,0.3
2010-02-04,1501.9,1501.9,1501.9,1501.9,-0.06
2010-02-05,1501.7,1501.7,1501.7,1501.7,-0.01
2010-02-08,1501.4,1501.4,1501.4,1501.4,-0.02
2010-02-09,1501.5,1501.5,1501.5,1501.5,0.01
2010-02-10,1504.9,1504.9,1504.9,1504.9,0.23
2010-02-11,1505.6,1505.6,1505.6,1505.6,0.05
2010-02-12,1504.8,1504.8,1504.8,1504.8,-0.05
2010-02-15,1504.8,1504.8,1504.8,1504.8,0.0
2010-02-16,1504.4,1504.4,1504.4,1504.4,-0.03
2010-02-17,1505.7,1505.7,1505.7,1505.7,0.09
2010-02-18,1508.2,1508.2,1507.9,1507.9,0.15
2010-02-19,1507.9,1507.9,1507.2,1507.2,-0.05
2010-02-22,1508.3,1508.3,1508.3,1508.3,0.07
2010-02-23,1510.6,1511.7,1510.6,1511.7,0.23
2010-02-24,1511.5,1511.5,1510.5,1511.1,-0.04
2010-02-25,1511.3,1511.3,1511.3,1511.3,0.01
2010-02-26,1510.2,1510.2,1510.2,1510.2,-0.07
2010-03-01,1510.5,1517.7,1510.5,1517.7,0.5
2010-03-02,1513.4,1513.4,1513.4,1513.4,-0.28
2010-03-03,1514.7,1514.7,1514.7,1514.7,0.09
2010-03-04,1514.1,1514.1,1514.1,1514.1,-0.04
2010-03-05,1515.2,1515.2,1515.2,1515.2,0.07
2010-03-08,1514.6,1514.6,1514.6,1514.6,-0.04
2010-03-09,1518.0,1518.0,1514.1,1514.1,-0.03
2010-03-10,1513.6,1513.6,1513.6,1513.6,-0.03
2010-03-11,1517.0,1517.0,1517.0,1517.0,0.22
2010-03-12,1518.3,1518.3,1518.3,1518.3,0.09
2010-03-15,1518.1,1518.1,1518.1,1518.1,-0.01
2010-03-16,1521.4,1521.4,1521.4,1521.4,0.22
2010-03-17,1521.7,1521.7,1521.7,1521.7,0.02
2010-03-18,1528.1,1528.1,1521.2,1521.2,-0.03
2010-03-19,1522.2,1522.2,1522.2,1522.2,0.07
2010-03-22,1521.0,1521.0,1521.0,1521.0,-0.08
2010-03-23,1516.2,1520.7,1516.2,1520.7,-0.02
2010-03-24,1524.5,1524.5,1524.5,1524.5,0.25
2010-03-25,1526.1,1527.7,1524.9,1524.9,0.03
2010-03-26,1524.9,1524.9,1524.9,1524.9,0.0
2010-03-29,1524.1,1524.1,1524.1,1524.1,-0.05
2010-03-30,1523.7,1527.8,1523.7,1527.8,0.24
2010-03-31,1527.6,1527.6,1527.6,1527.6,-0.01
2010-04-01,1528.4,1528.4,1528.4,1528.4,0.05
2010-04-02,1518.4,1521.5,1518.4,1521.5,-0.45
2010-04-05,1529.1,1529.1,1529.1,1529.1,0.5
2010-04-06,1536.1,1536.1,1530.5,1530.5,0.09
2010-04-07,1530.3,1530.3,1530.3,1530.3,-0.01
2010-04-08,1531.9,1531.9,1530.6,1530.6,0.02
2010-04-09,1530.3,1530.3,1530.3,1530.3,-0.02
2010-04-12,1530.6,1532.2,1530.6,1532.2,0.12
2010-04-13,1533.1,1534.5,1532.0,1532.0,-0.01
2010-04-14,1533.8,1533.8,1533.8,1533.8,0.12
2010-04-15,1533.9,1533.9,1533.9,1533.9,0.01
2010-04-16,1533.2,1537.5,1533.2,1537.5,0.23
2010-04-19,1534.1,1534.1,1534.1,1534.1,-0.22
2010-04-20,1537.2,1537.2,1537.2,1537.2,0.2
2010-04-21,1537.9,1537.9,1537.9,1537.9,0.05
2010-04-22,1536.5,1536.5,1536.5,1536.5,-0.09
2010-04-23,1537.4,1537.4,1537.4,1537.4,0.06
2010-04-26,1537.7,1537.7,1537.7,1537.7,0.02
2010-04-27,1539.9,1539.9,1539.9,1539.9,0.14
2010-04-28,1554.6,1554.6,1540.0,1540.0,0.01
2010-04-29,1540.3,1540.3,1540.3,1540.3,0.02
2010-04-30,1540.0,1540.0,1540.0,1540.0,-0.02
2010-05-03,1540.5,1540.5,1540.5,1540.5,0.03
2010-05-04,1539.1,1539.1,1539.1,1539.1,-0.09
2010-05-05,1540.9,1540.9,1540.9,1540.9,0.12
2010-05-06,1540.5,1540.5,1540.5,1540.5,-0.03
2010-05-07,1541.3,1541.3,1540.6,1540.6,0.01
2010-05-10,1542.9,1542.9,1542.9,1542.9,0.15
2010-05-11,1541.6,1541.6,1541.6,1541.6,-0.08
2010-05-12,1543.6,1543.6,1543.6,1543.6,0.13
2010-05-13,1542.3,1543.9,1542.3,1543.9,0.02
2010-05-14,1543.2,1543.2,1543.2,1543.2,-0.05
2010-05-17,1543.0,1543.0,1534.9,1534.9,-0.54
2010-05-18,1547.5,1547.5,1547.5,1547.5,0.82
2010-05-19,1545.9,1545.9,1516.3,1516.4,-2.01
2010-05-20,1546.5,1546.5,1546.5,1546.5,1.98
2010-05-21,1524.6,1546.3,1524.6,1546.3,-0.01
2010-05-24,1546.6,1546.6,1546.6,1546.6,0.02
2010-05-25,1550.4,1550.4,1550.4,1550.4,0.25
2010-05-26,1549.8,1549.8,1549.8,1549.8,-0.04
2010-05-27,1566.3,1566.3,1550.2,1550.2,0.03
2010-05-28,1548.7,1552.9,1548.7,1552.9,0.17
2010-05-31,1549.8,1549.8,1549.8,1549.8,-0.2
2010-06-01,1551.1,1551.1,1551.1,1551.1,0.08
2010-06-02,1552.7,1552.7,1552.7,1552.7,0.1
2010-06-03,1553.3,1553.3,1553.3,1553.3,0.04
2010-06-04,1563.5,1563.5,1563.5,1563.5,0.66
2010-06-07,1553.0,1553.0,1553.0,1553.0,-0.67
2010-06-08,1555.4,1555.4,1555.4,1555.4,0.15
2010-06-09,1555.5,1555.5,1555.5,1555.5,0.01
2010-06-10,1556.7,1556.7,1556.7,1556.7,0.08
2010-06-11,1556.6,1556.6,1556.6,1556.6,-0.01
2010-06-14,1557.0,1557.0,1557.0,1557.0,0.03
2010-06-15,1558.1,1558.1,1558.1,1558.1,0.07
2010-06-16,1561.6,1561.6,1559.5,1559.5,0.09
2010-06-17,1560.3,1560.3,1560.3,1560.3,0.05
2010-06-18,1561.2,1561.2,1561.2,1561.2,0.06
2010-06-21,1560.6,1565.1,1560.6,1565.1,0.25
2010-06-22,1563.4,1563.4,1563.4,1563.4,-0.11
2010-06-23,1563.2,1563.2,1563.2,1563.2,-0.01
2010-06-24,1563.4,1563.4,1563.4,1563.4,0.01
2010-06-25,1560.9,1563.8,1560.9,1563.8,0.03
2010-06-28,1563.4,1563.4,1563.4,1563.4,-0.03
2010-06-29,1566.7,1566.7,1566.7,1566.7,0.21
2010-06-30,1566.9,1566.9,1566.9,1566.9,0.01
2010-07-01,1566.7,1566.7,1566.7,1566.7,-0.01
2010-07-02,1543.5,1566.4,1543.5,1566.2,-0.03
2010-07-05,1567.3,1567.3,1567.3,1567.3,0.07
2010-07-06,1570.0,1570.0,1570.0,1570.0,0.17
2010-07-07,1570.1,1570.1,1570.1,1570.1,0.01
2010-07-08,1569.7,1569.8,1569.7,1569.8,-0.02
2010-07-09,1569.9,1569.9,1569.9,1569.9,0.01
2010-07-12,1569.5,1569.5,1569.5,1569.5,-0.03
2010-07-13,1570.0,1570.0,1570.0,1570.0,0.03
2010-07-14,1552.8,1573.4,1552.7,1569.2,-0.05
2010-07-15,1573.0,1573.0,1573.0,1573.0,0.24
2010-07-16,1560.5,1571.2,1560.5,1571.2,-0.11
2010-07-19,1572.8,1572.8,1572.8,1572.8,0.1
2010-07-20,1573.0,1573.0,1573.0,1573.0,0.01
2010-07-21,1575.3,1575.3,1575.3,1575.3,0.15
2010-07-22,1576.2,1576.2,1576.2,1576.2,0.06
2010-07-23,1576.4,1576.4,1576.4,1576.4,0.01
2010-07-26,1575.9,1575.9,1575.9,1575.9,-0.03
2010-07-27,1578.2,1578.2,1578.2,1578.2,0.15
2010-07-28,1578.0,1578.0,1578.0,1578.0,-0.01
2010-07-29,1579.3,1579.3,1579.3,1579.3,0.08
2010-07-30,1578.8,1578.8,1578.8,1578.8,-0.03
2010-08-02,1578.8,1578.8,1578.8,1578.8,0.0
2010-08-03,1578.8,1578.8,1578.8,1578.8,0.0
2010-08-04,1579.3,1579.3,1579.3,1579.3,0.03
2010-08-05,1578.8,1578.8,1578.8,1578.8,-0.03
2010-08-06,1579.0,1579.0,1579.0,1579.0,0.01
2010-08-09,1583.2,1583.2,1583.2,1583.2,0.27
2010-08-10,1583.1,1583.1,1583.1,1583.1,-0.01
2010-08-11,1583.4,1583.4,1583.4,1583.4,0.02
2010-08-12,1582.5,1582.5,1582.5,1582.5,-0.06
2010-08-13,1582.7,1582.7,1582.7,1582.7,0.01
2010-08-16,1582.3,1582.3,1582.3,1582.3,-0.03
2010-08-17,1584.5,1584.5,1584.5,1584.5,0.14
2010-08-18,1583.9,1583.9,1583.9,1583.9,-0.04
2010-08-19,1583.8,1583.8,1583.8,1583.8,-0.01
2010-08-20,1582.6,1582.6,1582.6,1582.6,-0.08
2010-08-23,1585.1,1585.1,1585.1,1585.1,0.16
2010-08-24,1592.5,1593.3,1585.4,1585.4,0.02
2010-08-25,1586.0,1586.0,1586.0,1586.0,0.04
2010-08-26,1586.0,1586.0,1586.0,1586.0,0.0
2010-08-27,1585.1,1585.1,1585.1,1585.1,-0.06
2010-08-30,1584.9,1584.9,1584.9,1584.9,-0.01
2010-08-31,1585.5,1585.5,1585.5,1585.5,0.04
2010-09-01,1585.7,1585.7,1585.7,1585.7,0.01
2010-09-02,1584.3,1584.3,1584.3,1584.3,-0.09
2010-09-03,1585.6,1585.6,1585.6,1585.6,0.08
2010-09-06,1586.1,1586.1,1586.1,1586.1,0.03
2010-09-07,1589.2,1589.2,1589.2,1589.2,0.2
2010-09-08,1588.6,1588.6,1588.6,1588.6,-0.04
2010-09-09,1588.8,1588.8,1588.8,1588.8,0.01
2010-09-10,1588.7,1588.7,1588.7,1588.7,-0.01
2010-09-13,1578.6,1589.0,1578.6,1589.0,0.02
2010-09-14,1590.4,1590.4,1590.4,1590.4,0.09
2010-09-15,1589.2,1589.2,1589.2,1589.2,-0.08
2010-09-16,1591.1,1591.1,1591.1,1591.1,0.12
2010-09-17,1590.0,1590.0,1590.0,1590.0,-0.07
2010-09-20,1590.8,1590.8,1590.8,1590.8,0.05
2010-09-21,1592.4,1592.4,1592.4,1592.4,0.1
2010-09-22,1593.9,1593.9,1590.6,1590.6,-0.11
2010-09-23,1592.1,1592.1,1592.1,1592.1,0.09
2010-09-24,1592.9,1592.9,1592.9,1592.9,0.05
2010-09-27,1592.7,1592.7,1592.7,1592.7,-0.01
2010-09-28,1593.5,1593.5,1593.5,1593.5,0.05
2010-09-29,1593.8,1593.8,1593.8,1593.8,0.02
2010-09-30,1593.9,1593.9,1593.9,1593.9,0.01
2010-10-01,1593.8,1593.8,1593.8,1593.8,-0.01
2010-10-04,1594.3,1594.3,1594.3,1594.3,0.03
2010-10-05,1596.3,1596.3,1596.3,1596.3,0.13
2010-10-06,1598.9,1598.9,1598.9,1598.9,0.16
2010-10-07,1596.7,1596.7,1596.7,1596.7,-0.14
2010-10-08,1594.7,1594.7,1594.7,1594.7,-0.13
2010-10-11,1596.5,1601.9,1596.5,1601.9,0.45
2010-10-12,1597.8,1597.8,1597.8,1597.8,-0.26
2010-10-13,1598.8,1598.8,1598.8,1598.8,0.06
2010-10-14,1598.3,1598.3,1598.3,1598.3,-0.03
2010-10-15,1598.5,1598.5,1598.5,1598.5,0.01
2010-10-18,1597.9,1597.9,1590.2,1590.2,-0.52
2010-10-19,1599.9,1599.9,1599.9,1599.9,0.61
2010-10-20,1600.0,1600.0,1600.0,1600.0,0.01
2010-10-21,1599.6,1599.6,1599.6,1599.6,-0.03
2010-10-22,1599.9,1599.9,1599.9,1599.9,0.02
2010-10-25,1599.3,1599.3,1530.2,1530.2,-4.36
2010-10-26,1601.7,1601.7,1601.7,1601.7,4.67
2010-10-27,1601.0,1601.0,1601.0,1601.0,-0.04
2010-10-28,1601.3,1601.3,1601.3,1601.3,0.02
2010-10-29,1601.9,1601.9,1601.9,1601.9,0.04
2010-11-01,1602.1,1602.1,1602.1,1602.1,0.01
2010-11-02,1602.2,1602.2,1602.2,1602.2,0.01
2010-11-03,1603.0,1603.0,1603.0,1603.0,0.05
2010-11-04,1594.3,1603.0,1589.4,1600.9,-0.13
2010-11-05,1602.0,1604.4,1602.0,1604.4,0.22
2010-11-08,1602.8,1602.8,1600.5,1600.5,-0.24
2010-11-09,1602.4,1602.4,1602.4,1602.4,0.12
2010-11-10,1603.2,1603.2,1603.2,1603.2,0.05
2010-11-11,1603.7,1603.7,1603.7,1603.7,0.03
2010-11-12,1604.5,1604.5,1604.5,1604.5,0.05
2010-11-15,1606.5,1606.5,1603.5,1603.5,-0.06
2010-11-16,1604.1,1604.1,1604.1,1604.1,0.04
2010-11-17,1615.3,1617.2,1603.0,1603.0,-0.07
2010-11-18,1605.5,1605.5,1605.5,1605.5,0.16
2010-11-19,1605.0,1605.0,1605.0,1605.0,-0.03
2010-11-22,1606.1,1608.7,1606.1,1608.7,0.23
2010-11-23,1606.7,1606.7,1606.7,1606.7,-0.12
2010-11-24,1604.9,1604.9,1604.9,1604.9,-0.11
2010-11-25,1606.2,1606.2,1606.2,1606.2,0.08
2010-11-26,1606.5,1606.5,1606.5,1606.5,0.02
2010-11-29,1605.8,1606.0,1605.8,1606.0,-0.03
2010-11-30,1608.3,1608.3,1608.3,1608.3,0.14
2010-12-01,1607.7,1607.7,1607.7,1607.7,-0.04
2010-12-02,1607.6,1607.6,1607.6,1607.6,-0.01
2010-12-03,1606.9,1606.9,1606.9,1606.9,-0.04
2010-12-06,1605.6,1605.6,1605.6,1605.6,-0.08
2010-12-07,1608.7,1608.7,1608.7,1608.7,0.19
2010-12-08,1609.2,1609.2,1609.2,1609.2,0.03
2010-12-09,1609.7,1609.7,1609.7,1609.7,0.03
2010-12-10,1607.9,1607.9,1606.4,1606.4,-0.21
2010-12-13,1609.7,1609.7,1604.5,1604.6,-0.11
2010-12-14,1610.9,1610.9,1610.9,1610.9,0.39
2010-12-15,1610.4,1610.4,1610.4,1610.4,-0.03
2010-12-16,1610.0,1610.0,1610.0,1610.0,-0.02
2010-12-17,1611.3,1611.3,1611.1,1611.1,0.07
2010-12-20,1609.9,1609.9,1609.9,1609.9,-0.07
2010-12-21,1611.9,1611.9,1611.9,1611.9,0.12
2010-12-22,1615.0,1615.0,1611.4,1611.4,-0.03
2010-12-23,1611.4,1611.4,1611.4,1611.4,0.0
2010-12-24,1607.2,1611.9,1607.2,1611.9,0.03
2010-12-27,1613.2,1613.2,1613.2,1613.2,0.08
2010-12-28,1613.1,1613.1,1613.1,1613.1,-0.01
2010-12-29,1613.4,1613.4,1613.4,1613.4,0.02
2010-12-30,1612.7,1612.7,1612.7,1612.7,-0.04
2010-12-31,1613.4,1613.4,1613.4,1613.4,0.04
2011-01-03,1614.2,1614.2,1614.2,1614.2,0.05
2011-01-04,1613.6,1613.6,1613.6,1613.6,-0.04
2011-01-05,1614.1,1614.1,1614.1,1614.1,0.03
2011-01-06,1612.2,1612.2,1612.2,1612.2,-0.12
2011-01-07,1612.8,1612.8,1612.8,1612.8,0.04
2011-01-10,1616.7,1616.7,1616.7,1616.7,0.24
2011-01-11,1617.3,1617.3,1614.8,1614.8,-0.12
2011-01-12,1612.6,1616.6,1596.6,1596.6,-1.13
2011-01-13,1617.8,1617.8,1616.8,1616.8,1.27
2011-01-14,1620.3,1620.3,1620.3,1620.3,0.22
2011-01-17,1617.9,1617.9,1617.9,1617.9,-0.15
2011-01-18,1620.9,1620.9,1620.9,1620.9,0.19
2011-01-19,1622.0,1622.0,1622.0,1622.0,0.07
2011-01-20,1622.5,1625.4,1622.5,1625.4,0.21
2011-01-21,1626.4,1626.4,1608.6,1609.8,-0.96
2011-01-24,1621.1,1621.1,1621.1,1621.1,0.7
2011-01-25,1625.4,1625.4,1625.4,1625.4,0.27
2011-01-26,1617.0,1627.4,1617.0,1627.4,0.12
2011-01-27,1625.3,1625.3,1625.3,1625.3,-0.13
2011-01-28,1624.2,1624.2,1624.2,1624.2,-0.07
2011-01-31,1625.3,1625.3,1625.3,1625.3,0.07
2011-02-01,1628.5,1628.5,1628.5,1628.5,0.2
2011-02-02,1629.2,1629.2,1629.2,1629.2,0.04
2011-02-03,1628.5,1629.4,1627.4,1629.4,0.01
2011-02-04,1628.3,1628.3,1628.3,1628.3,-0.07
2011-02-07,1628.4,1628.4,1623.0,1623.0,-0.33
2011-02-08,1632.6,1632.6,1632.6,1632.6,0.59
2011-02-09,1631.6,1631.6,1631.6,1631.6,-0.06
2011-02-10,1632.9,1632.9,1632.9,1632.9,0.08
2011-02-11,1631.4,1631.4,1631.4,1631.4,-0.09
2011-02-14,1631.2,1631.2,1631.2,1631.2,-0.01
2011-02-15,1631.3,1631.3,1631.3,1631.3,0.01
2011-02-16,1635.9,1635.9,1635.9,1635.9,0.28
2011-02-17,1634.8,1634.8,1634.8,1634.8,-0.07
2011-02-18,1629.5,1634.5,1629.5,1634.5,-0.02
2011-02-21,1635.2,1635.2,1635.2,1635.2,0.04
2011-02-22,1637.9,1638.1,1637.9,1638.1,0.18
2011-02-23,1632.9,1639.6,1632.9,1639.6,0.09
2011-02-24,1639.7,1639.7,1639.7,1639.7,0.01
2011-02-25,1638.3,1638.3,1638.3,1638.3,-0.09
2011-02-28,1638.9,1638.9,1638.9,1638.9,0.04
2011-03-01,1642.8,1642.8,1642.8,1642.8,0.24
2011-03-02,1641.8,1641.8,1641.8,1641.8,-0.06
2011-03-03,1642.3,1642.3,1642.3,1642.3,0.03
2011-03-04,1641.4,1641.4,1641.4,1641.4,-0.05
2011-03-07,1642.1,1642.1,1642.1,1642.1,0.04
2011-03-08,1648.6,1648.6,1642.4,1642.4,0.02
2011-03-09,1644.7,1644.7,1644.7,1644.7,0.14
2011-03-10,1645.5,1645.5,1644.9,1644.9,0.01
2011-03-11,1645.1,1645.1,1645.1,1645.1,0.01
2011-03-14,1646.1,1646.1,1646.1,1646.1,0.06
2011-03-15,1645.3,1645.3,1645.3,1645.3,-0.05
2011-03-16,1649.7,1649.7,1649.7,1649.7,0.27
2011-03-17,1649.5,1649.5,1649.5,1649.5,-0.01
2011-03-18,1649.6,1649.6,1649.6,1649.6,0.01
2011-03-21,1644.2,1649.5,1644.2,1645.3,-0.26
2011-03-22,1641.4,1655.0,1641.4,1654.7,0.57
2011-03-23,1652.3,1654.9,1652.3,1654.9,0.01
2011-03-24,1651.7,1651.7,1651.7,1651.7,-0.19
2011-03-25,1647.9,1653.3,1647.9,1653.3,0.1
2011-03-28,1664.6,1664.6,1653.0,1653.0,-0.02
2011-03-29,1652.7,1652.7,1652.7,1652.7,-0.02
2011-03-30,1653.2,1653.2,1653.2,1653.2,0.03
2011-03-31,1644.9,1652.7,1644.9,1652.7,-0.03
2011-04-01,1657.1,1657.1,1656.5,1656.5,0.23
2011-04-04,1656.0,1656.1,1656.0,1656.1,-0.02
2011-04-05,1658.7,1658.8,1658.7,1658.8,0.16
2011-04-06,1659.4,1659.4,1659.4,1659.4,0.04
2011-04-07,1658.6,1662.1,1658.6,1658.6,-0.05
2011-04-08,1646.1,1659.4,1646.1,1659.4,0.05
2011-04-11,1660.5,1660.5,1660.5,1660.5,0.07
2011-04-12,1667.7,1667.7,1659.5,1659.5,-0.06
2011-04-13,1662.3,1662.3,1662.3,1662.3,0.17
2011-04-14,1662.9,1663.8,1661.8,1663.8,0.09
2011-04-15,1654.6,1662.0,1654.6,1662.0,-0.11
2011-04-18,1661.7,1661.7,1661.7,1661.7,-0.02
2011-04-19,1664.7,1664.7,1664.7,1664.7,0.18
2011-04-20,1665.3,1665.3,1665.3,1665.3,0.04
2011-04-21,1655.3,1666.4,1655.3,1666.4,0.07
2011-04-22,1655.3,1666.4,1655.3,1665.3,-0.07
2011-04-25,1672.0,1672.0,1666.4,1666.4,0.07
2011-04-26,1668.2,1668.4,1668.2,1668.4,0.12
2011-04-27,1660.8,1667.9,1660.8,1667.9,-0.03
2011-04-28,1648.6,1668.6,1648.5,1668.6,0.04
2011-04-29,1665.9,1667.8,1665.7,1667.8,-0.05
2011-05-02,1667.9,1667.9,1667.9,1667.9,0.01
2011-05-03,1674.5,1674.5,1667.0,1667.0,-0.05
2011-05-04,1663.9,1668.3,1663.2,1668.3,0.08
2011-05-05,1671.4,1671.4,1671.4,1671.4,0.19
2011-05-06,1701.5,1701.5,1671.2,1671.2,-0.01
2011-05-09,1686.3,1686.3,1670.3,1670.3,-0.05
2011-05-10,1670.1,1670.1,1670.1,1670.1,-0.01
2011-05-11,1670.6,1670.6,1670.6,1670.6,0.03
2011-05-12,1671.1,1671.1,1671.1,1671.1,0.03
2011-05-13,1673.0,1673.0,1673.0,1673.0,0.11
2011-05-16,1672.3,1672.3,1672.3,1672.3,-0.04
2011-05-17,1675.3,1675.3,1673.9,1673.9,0.1
2011-05-18,1667.7,1675.1,1666.8,1675.1,0.07
2011-05-19,1673.2,1674.6,1673.2,1674.6,-0.03
2011-05-20,1669.3,1674.1,1669.3,1674.1,-0.03
2011-05-23,1674.6,1674.6,1674.6,1674.6,0.03
2011-05-24,1677.3,1677.3,1677.3,1677.3,0.16
2011-05-25,1685.0,1685.0,1677.3,1677.3,0.0
2011-05-26,1677.5,1677.5,1677.5,1677.5,0.01
2011-05-27,1677.8,1677.8,1677.8,1677.8,0.02
2011-05-30,1677.2,1677.2,1677.2,1677.2,-0.04
2011-05-31,1677.7,1677.7,1677.7,1677.7,0.03
2011-06-01,1677.9,1677.9,1677.9,1677.9,0.01
2011-06-02,1679.9,1679.9,1677.8,1677.8,-0.01
2011-06-03,1677.7,1677.7,1677.7,1677.7,-0.01
2011-06-06,1659.9,1677.3,1659.9,1677.3,-0.02
2011-06-07,1677.9,1677.9,1677.9,1677.9,0.04
2011-06-08,1677.9,1677.9,1677.9,1677.9,0.0
2011-06-09,1677.8,1677.8,1675.8,1677.8,-0.01
2011-06-10,1690.1,1690.1,1676.9,1676.9,-0.05
2011-06-13,1691.7,1691.7,1677.6,1677.6,0.04
2011-06-14,1669.3,1677.5,1669.3,1677.5,-0.01
2011-06-15,1679.1,1679.1,1676.6,1676.6,-0.05
2011-06-16,1676.2,1676.2,1676.2,1676.2,-0.02
2011-06-17,1677.6,1677.6,1677.6,1677.6,0.08
2011-06-20,1683.5,1683.5,1677.4,1678.1,0.03
2011-06-21,1662.9,1677.6,1662.9,1677.6,-0.03
2011-06-22,1677.6,1677.6,1677.6,1677.6,0.0
2011-06-23,1685.5,1685.5,1685.5,1685.5,0.47
2011-06-24,1685.3,1689.8,1685.3,1688.6,0.18
2011-06-27,1694.2,1694.5,1670.5,1670.5,-1.07
2011-06-28,1686.7,1686.7,1686.7,1686.7,0.97
2011-06-29,1685.6,1685.6,1685.6,1685.6,-0.07
2011-06-30,1687.4,1687.4,1682.0,1682.0,-0.21
2011-07-01,1681.0,1686.7,1681.0,1686.7,0.28
2011-07-04,1687.2,1687.2,1687.2,1687.2,0.03
2011-07-05,1687.3,1687.3,1687.3,1687.3,0.01
2011-07-06,1686.9,1686.9,1686.9,1686.9,-0.02
2011-07-07,1687.2,1687.2,1687.2,1687.2,0.02
2011-07-08,1686.8,1686.8,1686.8,1686.8,-0.02
2011-07-11,1696.9,1700.5,1687.6,1687.6,0.05
2011-07-12,1703.8,1708.0,1686.3,1686.3,-0.08
2011-07-13,1696.2,1696.2,1696.2,1696.2,0.59
2011-07-14,1695.2,1695.2,1695.2,1695.2,-0.06
2011-07-15,1695.0,1695.0,1695.0,1695.0,-0.01
2011-07-18,1693.6,1693.6,1693.3,1693.3,-0.1
2011-07-19,1695.1,1695.1,1695.1,1695.1,0.11
2011-07-20,1700.2,1700.8,1700.2,1700.8,0.34
2011-07-21,1692.7,1698.1,1692.7,1698.1,-0.16
2011-07-22,1698.5,1701.9,1698.5,1701.9,0.22
2011-07-25,1697.9,1697.9,1697.9,1697.9,-0.24
2011-07-26,1682.5,1698.2,1682.5,1698.2,0.02
2011-07-27,1700.9,1700.9,1700.9,1700.9,0.16
2011-07-28,1713.7,1714.9,1701.5,1701.5,0.04
2011-07-29,1700.9,1700.9,1700.9,1700.9,-0.04
2011-08-01,1700.7,1700.7,1700.7,1700.7,-0.01
2011-08-02,1700.4,1700.4,1693.8,1695.3,-0.32
2011-08-03,1700.9,1704.4,1685.7,1703.6,0.49
2011-08-04,1699.2,1715.4,1698.3,1715.4,0.69
2011-08-05,1702.3,1702.3,1702.1,1702.2,-0.77
2011-08-08,1681.1,1704.0,1681.1,1704.0,0.11
2011-08-09,1705.1,1705.1,1705.0,1705.0,0.06
2011-08-10,1695.1,1704.5,1694.1,1704.5,-0.03
2011-08-11,1705.7,1705.7,1705.7,1705.7,0.07
2011-08-12,1704.1,1705.7,1704.1,1705.7,0.0
2011-08-15,1695.6,1704.9,1685.8,1687.6,-1.06
2011-08-16,1693.3,1707.4,1692.2,1704.8,1.02
2011-08-17,1709.2,1710.7,1697.9,1708.1,0.19
2011-08-18,1706.9,1706.9,1706.9,1706.9,-0.07
2011-08-19,1706.5,1706.5,1706.5,1706.5,-0.02
2011-08-22,1696.0,1707.3,1696.0,1707.3,0.05
2011-08-23,1707.1,1707.1,1707.1,1707.1,-0.01
2011-08-24,1709.7,1709.7,1709.7,1709.7,0.15
2011-08-25,1710.0,1710.0,1710.0,1710.0,0.02
2011-08-26,1710.1,1710.1,1710.1,1710.1,0.01
2011-08-29,1698.0,1710.1,1698.0,1710.1,0.0
2011-08-30,1710.0,1710.0,1710.0,1710.0,-0.01
2011-08-31,1706.0,1709.6,1706.0,1709.6,-0.02
2011-09-01,1710.2,1710.2,1710.2,1710.2,0.04
2011-09-02,1712.3,1712.3,1709.2,1709.2,-0.06
2011-09-05,1712.5,1712.5,1712.5,1712.5,0.19
2011-09-06,1711.3,1711.3,1711.3,1711.3,-0.07
2011-09-07,1727.7,1727.7,1709.7,1709.7,-0.09
2011-09-08,1715.2,1715.2,1715.2,1715.2,0.32
2011-09-09,1715.4,1715.4,1715.4,1715.4,0.01
2011-09-12,1746.0,1746.0,1713.8,1713.8,-0.09
2011-09-13,1716.8,1716.8,1716.8,1716.8,0.18
2011-09-14,1714.2,1714.2,1714.2,1714.2,-0.15
2011-09-15,1717.6,1717.6,1717.6,1717.6,0.2
2011-09-16,1716.5,1716.5,1716.5,1716.5,-0.06
2011-09-19,1716.0,1716.0,1716.0,1716.0,-0.03
2011-09-20,1715.7,1715.7,1715.7,1715.7,-0.02
2011-09-21,1716.2,1716.2,1716.2,1716.2,0.03
2011-09-22,1715.0,1715.0,1715.0,1715.0,-0.07
2011-09-23,1714.9,1714.9,1714.9,1714.9,-0.01
2011-09-26,1713.6,1713.6,1713.6,1713.6,-0.08
2011-09-27,1720.8,1720.8,1715.9,1715.9,0.13
2011-09-28,1721.1,1721.1,1721.1,1721.1,0.3
2011-09-29,1727.3,1727.3,1721.2,1721.2,0.01
2011-09-30,1720.8,1721.7,1720.8,1721.7,0.03
2011-10-03,1720.1,1720.1,1720.1,1720.1,-0.09
2011-10-04,1719.9,1719.9,1698.7,1698.7,-1.24
2011-10-05,1724.0,1733.1,1724.0,1733.1,2.03
2011-10-06,1724.5,1725.5,1724.4,1725.5,-0.44
2011-10-07,1722.9,1722.9,1722.9,1722.9,-0.15
2011-10-10,1724.7,1724.7,1724.7,1724.7,0.1
2011-10-11,1724.0,1724.0,1719.3,1719.3,-0.31
2011-10-12,1724.7,1724.7,1724.7,1724.7,0.31
2011-10-13,1726.3,1726.3,1726.3,1726.3,0.09
2011-10-14,1725.0,1725.0,1725.0,1725.0,-0.08
2011-10-17,1717.0,1725.8,1713.9,1725.8,0.05
2011-10-18,1725.1,1725.1,1725.1,1725.1,-0.04
2011-10-19,1732.6,1732.6,1732.6,1732.6,0.43
2011-10-20,1734.1,1735.1,1734.1,1735.1,0.14
2011-10-21,1736.3,1736.3,1731.5,1731.5,-0.21
2011-10-24,1732.0,1732.0,1731.1,1731.1,-0.02
2011-10-25,1735.8,1735.8,1735.8,1735.8,0.27
2011-10-26,1736.7,1736.7,1736.7,1736.7,0.05
2011-10-27,1737.5,1737.5,1737.5,1737.5,0.05
2011-10-28,1737.3,1737.3,1737.3,1737.3,-0.01
2011-10-31,1736.8,1737.3,1736.8,1737.3,0.0
2011-11-01,1767.6,1767.6,1741.3,1741.3,0.23
2011-11-02,1740.4,1740.4,1740.4,1740.4,-0.05
2011-11-03,1738.5,1738.5,1738.5,1738.5,-0.11
2011-11-04,1741.6,1741.6,1741.6,1741.6,0.18
2011-11-07,1756.4,1756.4,1739.9,1739.9,-0.1
2011-11-08,1743.4,1743.4,1743.4,1743.4,0.2
2011-11-09,1744.6,1744.6,1744.6,1744.6,0.07
2011-11-10,1741.2,1741.2,1741.2,1741.2,-0.19
2011-11-11,1741.0,1742.6,1737.9,1742.6,0.08
2011-11-14,1729.1,1745.0,1729.1,1744.1,0.09
2011-11-15,1742.9,1742.9,1742.9,1742.9,-0.07
2011-11-16,1742.8,1742.8,1742.8,1742.8,-0.01
2011-11-17,1746.1,1746.1,1746.1,1746.1,0.19
2011-11-18,1745.7,1745.7,1745.7,1745.7,-0.02
2011-11-21,1743.6,1743.6,1743.6,1743.6,-0.12
2011-11-22,1744.5,1744.5,1744.5,1744.5,0.05
2011-11-23,1743.0,1743.0,1743.0,1743.0,-0.09
2011-11-24,1744.0,1744.0,1744.0,1744.0,0.06
2011-11-25,1742.5,1742.5,1742.5,1742.5,-0.09
2011-11-28,1734.1,1751.0,1733.2,1750.8,0.48
2011-11-29,1757.3,1759.0,1757.3,1759.0,0.47
2011-11-30,1753.4,1753.4,1753.4,1753.4,-0.32
2011-12-01,1735.0,1756.3,1735.0,1756.3,0.17
2011-12-02,1754.7,1754.7,1750.9,1750.9,-0.31
2011-12-05,1754.3,1754.3,1754.3,1754.3,0.19
2011-12-06,1757.1,1757.1,1757.1,1757.1,0.16
2011-12-07,1757.7,1757.7,1757.7,1757.7,0.03
2011-12-08,1757.9,1757.9,1757.9,1757.9,0.01
2011-12-09,1757.7,1757.7,1757.4,1757.4,-0.03
2011-12-12,1766.3,1767.7,1756.7,1767.7,0.59
2011-12-13,1764.6,1778.8,1760.9,1778.8,0.63
2011-12-14,1760.7,1760.7,1760.7,1760.7,-1.02
2011-12-15,1759.1,1759.1,1756.5,1756.5,-0.24
2011-12-16,1756.1,1759.8,1754.6,1759.8,0.19
2011-12-19,1761.1,1761.1,1761.1,1761.1,0.07
2011-12-20,1765.5,1765.5,1765.5,1765.5,0.25
2011-12-21,1764.4,1764.4,1764.4,1764.4,-0.06
2011-12-22,1763.0,1763.0,1763.0,1763.0,-0.08
2011-12-23,1760.8,1764.3,1760.8,1764.3,0.07
2011-12-26,1767.0,1767.0,1764.3,1764.3,0.0
2011-12-27,1764.3,1764.3,1764.3,1764.3,0.0
2011-12-28,1768.2,1768.2,1768.2,1768.2,0.22
2011-12-29,1767.3,1767.3,1760.1,1760.1,-0.46
2011-12-30,1767.5,1767.5,1767.5,1767.5,0.42
2012-01-02,1768.3,1768.3,1768.3,1768.3,0.05
2012-01-03,1760.2,1768.2,1760.2,1768.2,-0.01
2012-01-04,1769.2,1769.2,1767.6,1767.6,-0.03
2012-01-05,1774.7,1774.7,1768.1,1768.1,0.03
2012-01-06,1775.9,1775.9,1767.3,1767.3,-0.05
2012-01-09,1767.2,1767.2,1767.2,1767.2,-0.01
2012-01-10,1773.1,1773.1,1773.1,1773.1,0.33
2012-01-11,1773.5,1773.5,1773.5,1773.5,0.02
2012-01-12,1772.5,1772.5,1762.9,1762.9,-0.6
2012-01-13,1773.8,1773.8,1773.8,1773.8,0.62
2012-01-16,1772.1,1772.1,1772.1,1772.1,-0.1
2012-01-17,1773.0,1773.0,1773.0,1773.0,0.05
2012-01-18,1778.1,1778.1,1778.1,1778.1,0.29
2012-01-19,1778.5,1778.5,1778.5,1778.5,0.02
2012-01-20,1778.5,1778.5,1778.1,1778.1,-0.02
2012-01-23,1779.0,1779.0,1777.7,1777.7,-0.02
2012-01-24,1780.5,1780.5,1780.5,1780.5,0.16
2012-01-25,1780.3,1780.3,1780.3,1780.3,-0.01
2012-01-26,1780.9,1780.9,1780.9,1780.9,0.03
2012-01-27,1780.9,1781.5,1780.9,1781.5,0.03
2012-01-30,1781.4,1781.4,1778.9,1778.9,-0.15
2012-01-31,1778.9,1780.7,1778.9,1780.7,0.1
2012-02-01,1780.7,1786.3,1780.7,1786.3,0.31
2012-02-02,1788.7,1788.7,1788.7,1788.7,0.13
2012-02-03,1785.9,1785.9,1785.9,1785.9,-0.16
2012-02-06,1785.3,1785.3,1785.3,1785.3,-0.03
2012-02-07,1791.4,1791.4,1791.4,1791.4,0.34
2012-02-08,1791.2,1793.6,1791.2,1793.6,0.12
2012-02-09,1790.6,1790.6,1790.6,1790.6,-0.17
2012-02-10,1791.1,1791.1,1791.1,1791.1,0.03
2012-02-13,1790.7,1790.7,1790.1,1790.1,-0.06
2012-02-14,1794.1,1794.1,1794.1,1794.1,0.22
2012-02-15,1798.7,1798.7,1793.6,1793.6,-0.03
2012-02-16,1794.9,1794.9,1794.9,1794.9,0.07
2012-02-17,1794.6,1794.6,1794.6,1794.6,-0.02
2012-02-20,1794.4,1797.8,1794.4,1797.8,0.18
2012-02-21,1797.6,1797.6,1793.3,1793.3,-0.25
2012-02-22,1789.2,1798.2,1789.2,1798.2,0.27
2012-02-23,1797.8,1797.8,1797.8,1797.8,-0.02
2012-02-24,1798.1,1798.1,1798.1,1798.1,0.02
2012-02-27,1797.5,1797.5,1797.5,1797.5,-0.03
2012-02-28,1798.1,1798.1,1798.1,1798.1,0.03
2012-02-29,1800.3,1800.3,1800.3,1800.3,0.12
2012-03-01,1801.4,1801.4,1801.4,1801.4,0.06
2012-03-02,1804.2,1804.2,1804.2,1804.2,0.16
2012-03-05,1807.0,1807.0,1801.1,1801.1,-0.17
2012-03-06,1800.8,1800.8,1800.8,1800.8,-0.02
2012-03-07,1801.0,1801.0,1801.0,1801.0,0.01
2012-03-08,1801.4,1801.4,1801.4,1801.4,0.02
2012-03-09,1801.7,1801.7,1801.7,1801.7,0.02
2012-03-12,1801.2,1801.2,1801.2,1801.2,-0.03
2012-03-13,1801.3,1801.3,1801.3,1801.3,0.01
2012-03-14,1801.3,1801.3,1801.3,1801.3,0.0
2012-03-15,1809.6,1809.6,1809.6,1809.6,0.46
2012-03-16,1808.8,1808.8,1808.8,1808.8,-0.04
2012-03-19,1808.7,1808.7,1808.7,1808.7,-0.01
2012-03-20,1813.3,1813.3,1813.3,1813.3,0.25
2012-03-21,1812.5,1812.5,1812.5,1812.5,-0.04
2012-03-22,1812.5,1812.5,1812.5,1812.5,0.0
2012-03-23,1812.9,1812.9,1812.9,1812.9,0.02
2012-03-26,1812.4,1812.4,1802.5,1802.5,-0.57
2012-03-27,1818.0,1818.0,1818.0,1818.0,0.86
2012-03-28,1817.3,1817.3,1817.3,1817.3,-0.04
2012-03-29,1817.3,1817.3,1817.3,1817.3,0.0
2012-03-30,1816.9,1816.9,1816.9,1816.9,-0.02
2012-04-02,1816.6,1816.6,1816.6,1816.6,-0.02
2012-04-03,1820.3,1824.7,1820.3,1824.7,0.45
2012-04-04,1820.2,1820.2,1820.2,1820.2,-0.25
2012-04-05,1819.5,1819.5,1819.5,1819.5,-0.04
2012-04-06,1819.5,1820.2,1819.5,1820.2,0.04
2012-04-09,1816.3,1820.2,1816.3,1820.2,0.0
2012-04-10,1822.9,1822.9,1822.9,1822.9,0.15
2012-04-11,1823.5,1823.5,1823.5,1823.5,0.03
2012-04-12,1822.7,1822.7,1822.7,1822.7,-0.04
2012-04-13,1823.4,1823.4,1823.4,1823.4,0.04
2012-04-16,1822.8,1822.8,1822.8,1822.8,-0.03
2012-04-17,1826.4,1826.4,1826.4,1826.4,0.2
2012-04-18,1826.3,1827.9,1825.5,1827.9,0.08
2012-04-19,1826.4,1829.5,1826.4,1829.5,0.09
2012-04-20,1826.3,1826.3,1826.3,1826.3,-0.17
2012-04-23,1826.8,1826.8,1826.8,1826.8,0.03
2012-04-24,1826.3,1826.3,1826.3,1826.3,-0.03
2012-04-25,1829.6,1829.6,1829.6,1829.6,0.18
2012-04-26,1829.8,1832.7,1829.8,1832.7,0.17
2012-04-27,1828.9,1828.9,1828.9,1828.9,-0.21
2012-04-30,1825.0,1829.7,1825.0,1829.7,0.04
2012-05-01,1825.0,1829.7,1825.0,1825.5,-0.23
2012-05-02,1830.0,1830.0,1829.2,1829.2,0.2
2012-05-03,1828.9,1828.9,1827.1,1827.1,-0.11
2012-05-04,1829.3,1829.3,1829.3,1829.3,0.12
2012-05-07,1829.6,1829.6,1829.6,1829.6,0.02
2012-05-08,1829.0,1829.0,1829.0,1829.0,-0.03
2012-05-09,1829.6,1829.6,1829.6,1829.6,0.03
2012-05-10,1831.5,1831.5,1831.5,1831.5,0.1
2012-05-11,1835.0,1835.0,1835.0,1835.0,0.19
2012-05-14,1834.9,1834.9,1834.9,1834.9,-0.01
2012-05-15,1834.7,1834.7,1834.7,1834.7,-0.01
2012-05-16,1834.3,1834.3,1834.3,1834.3,-0.02
2012-05-17,1830.2,1835.4,1830.2,1835.4,0.06
2012-05-18,1831.9,1831.9,1831.9,1831.9,-0.19
2012-05-21,1819.7,1834.0,1819.7,1828.0,-0.21
2012-05-22,1834.6,1845.3,1834.6,1845.3,0.95
2012-05-23,1841.3,1852.1,1841.3,1852.1,0.37
2012-05-24,1855.4,1855.4,1841.5,1846.4,-0.31
2012-05-25,1840.9,1849.5,1840.9,1849.5,0.17
2012-05-28,1838.1,1847.3,1838.1,1847.3,-0.12
2012-05-29,1848.2,1848.2,1840.5,1847.5,0.01
2012-05-30,1839.4,1852.3,1839.4,1852.3,0.26
2012-05-31,1843.0,1848.5,1843.0,1848.5,-0.21
2012-06-01,1843.1,1843.1,1827.0,1827.0,-1.16
2012-06-04,1830.0,1843.4,1830.0,1834.2,0.39
2012-06-05,1843.6,1843.6,1840.8,1840.8,0.36
2012-06-06,1843.2,1843.2,1832.1,1832.1,-0.47
2012-06-07,1845.5,1848.5,1845.5,1848.5,0.9
2012-06-08,1859.9,1859.9,1834.7,1834.7,-0.75
2012-06-11,1843.7,1856.9,1843.7,1856.9,1.21
2012-06-12,1843.5,1843.5,1842.9,1842.9,-0.75
2012-06-13,1850.5,1850.5,1845.0,1845.0,0.11
2012-06-14,1850.3,1850.8,1841.3,1841.3,-0.2
2012-06-15,1850.1,1850.1,1846.5,1846.5,0.28
2012-06-18,1835.2,1857.5,1835.2,1857.5,0.6
2012-06-19,1849.8,1849.8,1839.0,1839.0,-1.0
2012-06-20,1853.1,1853.1,1851.4,1851.4,0.67
2012-06-21,1854.0,1872.0,1854.0,1872.0,1.11
2012-06-22,1872.5,1872.5,1850.8,1850.8,-1.13
2012-06-25,1856.5,1856.5,1850.7,1850.7,-0.01
2012-06-26,1852.7,1853.4,1852.7,1853.4,0.15
2012-06-27,1856.1,1860.2,1856.1,1860.2,0.37
2012-06-28,1857.0,1857.0,1854.5,1854.5,-0.31
2012-06-29,1857.0,1857.0,1844.5,1844.5,-0.54
2012-07-02,1850.9,1862.6,1850.9,1862.6,0.98
2012-07-03,1860.0,1860.4,1856.9,1856.9,-0.31
2012-07-04,1860.8,1866.0,1860.8,1866.0,0.49
2012-07-05,1860.3,1879.4,1860.3,1879.4,0.72
2012-07-06,1860.6,1874.1,1860.6,1874.1,-0.28
2012-07-09,1874.2,1874.8,1858.5,1858.5,-0.83
2012-07-10,1863.9,1873.1,1863.9,1873.1,0.79
2012-07-11,1863.6,1871.3,1863.6,1871.3,-0.1
2012-07-12,1864.1,1864.1,1862.1,1862.1,-0.49
2012-07-13,1865.8,1865.8,1857.2,1857.2,-0.26
2012-07-16,1858.9,1863.8,1850.6,1850.6,-0.36
2012-07-17,1867.4,1867.4,1866.9,1866.9,0.88
2012-07-18,1869.0,1869.0,1860.4,1860.4,-0.35
2012-07-19,1868.7,1871.9,1868.7,1871.9,0.62
2012-07-20,1868.0,1879.7,1868.0,1879.7,0.42
2012-07-23,1885.0,1885.1,1867.9,1870.1,-0.51
2012-07-24,1870.7,1876.0,1870.7,1876.0,0.32
2012-07-25,1868.9,1871.0,1868.9,1871.0,-0.27
2012-07-26,1868.4,1868.4,1863.4,1863.4,-0.41
2012-07-27,1873.7,1873.7,1870.6,1870.6,0.39
2012-07-30,1872.5,1872.6,1872.5,1872.6,0.11
2012-07-31,1876.5,1876.5,1873.9,1873.9,0.07
2012-08-01,1876.8,1888.9,1876.8,1888.9,0.8
2012-08-02,1876.2,1889.9,1876.2,1889.9,0.05
2012-08-03,1876.4,1876.4,1861.3,1861.3,-1.51
2012-08-06,1876.5,1876.5,1869.6,1870.3,0.48
2012-08-07,1876.8,1879.4,1876.8,1879.4,0.49
2012-08-08,1880.5,1880.5,1879.6,1879.6,0.01
2012-08-09,1879.9,1882.1,1879.9,1882.1,0.13
2012-08-10,1881.3,1881.3,1878.1,1878.1,-0.21
2012-08-13,1881.2,1881.8,1881.2,1881.8,0.2
2012-08-14,1881.1,1885.8,1881.1,1885.8,0.21
2012-08-15,1884.9,1885.1,1884.3,1885.1,-0.04
2012-08-16,1884.2,1884.2,1873.0,1873.0,-0.64
2012-08-17,1885.8,1889.1,1885.8,1889.1,0.86
2012-08-20,1885.1,1885.1,1881.3,1881.3,-0.41
2012-08-21,1877.2,1885.2,1877.2,1881.3,0.0
2012-08-22,1885.9,1885.9,1874.4,1874.4,-0.37
2012-08-23,1891.7,1891.7,1887.9,1887.9,0.72
2012-08-24,1890.4,1891.5,1890.4,1891.5,0.19
2012-08-27,1889.5,1893.9,1889.5,1893.9,0.13
2012-08-28,1890.6,1890.6,1886.4,1886.4,-0.4
2012-08-29,1893.5,1897.9,1893.5,1897.9,0.61
2012-08-30,1893.9,1899.0,1893.9,1899.0,0.06
2012-08-31,1894.6,1895.0,1893.2,1895.0,-0.21
2012-09-03,1894.0,1894.0,1891.1,1891.1,-0.21
2012-09-04,1898.2,1900.9,1898.1,1900.9,0.52
2012-09-05,1898.1,1898.3,1889.8,1889.8,-0.58
2012-09-06,1898.3,1898.3,1895.4,1895.4,0.3
2012-09-07,1898.1,1898.1,1879.6,1879.6,-0.83
2012-09-10,1883.2,1902.8,1883.2,1902.8,1.23
2012-09-11,1903.1,1903.1,1894.5,1894.5,-0.44
2012-09-12,1903.0,1906.1,1903.0,1906.1,0.61
2012-09-13,1903.0,1903.0,1891.6,1891.6,-0.76
2012-09-14,1885.9,1901.6,1885.9,1899.0,0.39
2012-09-17,1903.9,1904.4,1903.9,1904.4,0.28
2012-09-18,1904.3,1906.3,1904.3,1906.3,0.1
2012-09-19,1907.0,1907.0,1901.4,1901.4,-0.26
2012-09-20,1906.9,1906.9,1905.1,1905.1,0.19
2012-09-21,1907.3,1910.8,1907.3,1910.8,0.3
2012-09-24,1906.4,1906.4,1903.6,1903.6,-0.38
2012-09-25,1910.7,1912.4,1910.7,1912.4,0.46
2012-09-26,1911.4,1911.4,1910.0,1910.0,-0.13
2012-09-27,1908.6,1910.5,1904.0,1904.0,-0.31
2012-09-28,1912.2,1921.1,1912.2,1921.1,0.9
2012-10-01,1911.2,1912.9,1911.2,1912.9,-0.43
2012-10-02,1911.3,1911.6,1911.3,1911.6,-0.07
2012-10-03,1911.3,1911.3,1911.3,1911.3,-0.02
2012-10-04,1909.7,1915.7,1904.9,1904.9,-0.33
2012-10-05,1915.1,1915.1,1911.1,1911.1,0.33
2012-10-08,1915.0,1915.0,1912.9,1912.9,0.09
2012-10-09,1914.1,1922.4,1914.1,1922.4,0.5
2012-10-10,1915.5,1915.5,1914.6,1914.6,-0.41
2012-10-11,1914.9,1914.9,1912.9,1912.9,-0.09
2012-10-12,1916.2,1918.0,1916.2,1918.0,0.27
2012-10-15,1915.1,1917.4,1915.1,1917.4,-0.03
2012-10-16,1922.6,1922.6,1911.1,1911.1,-0.33
2012-10-17,1922.2,1922.9,1922.2,1922.9,0.62
2012-10-18,1923.8,1928.8,1923.3,1928.8,0.31
2012-10-19,1923.1,1926.5,1923.1,1926.2,-0.13
2012-10-22,1922.1,1923.3,1922.1,1923.3,-0.15
2012-10-23,1925.6,1928.9,1925.6,1928.9,0.29
2012-10-24,1925.7,1925.7,1920.9,1920.9,-0.41
2012-10-25,1925.6,1934.2,1925.6,1934.2,0.69
2012-10-26,1937.8,1942.0,1919.1,1919.1,-0.78
2012-10-29,1925.5,1925.5,1924.4,1924.4,0.28
2012-10-30,1925.0,1925.0,1922.7,1922.7,-0.09
2012-10-31,1929.5,1936.9,1929.5,1936.9,0.74
2012-11-01,1929.2,1932.5,1929.2,1932.5,-0.23
2012-11-02,1940.0,1940.0,1929.0,1936.0,0.18
2012-11-05,1928.9,1928.9,1927.8,1927.8,-0.42
2012-11-06,1929.0,1929.0,1928.2,1928.2,0.02
2012-11-07,1933.6,1939.1,1933.6,1939.1,0.57
2012-11-08,1932.5,1932.6,1932.5,1932.6,-0.34
2012-11-09,1931.9,1932.9,1931.9,1932.9,0.02
2012-11-12,1933.2,1933.2,1933.0,1933.0,0.01
2012-11-13,1935.4,1937.9,1935.4,1937.9,0.25
2012-11-14,1935.9,1936.8,1935.9,1936.8,-0.06
2012-11-15,1936.3,1936.6,1933.7,1933.7,-0.16
2012-11-16,1935.7,1935.7,1935.4,1935.4,0.09
2012-11-19,1931.0,1936.0,1931.0,1935.4,0.0
2012-11-20,1938.8,1938.9,1938.8,1938.9,0.18
2012-11-21,1939.0,1939.0,1935.5,1935.5,-0.18
2012-11-22,1938.7,1938.7,1938.4,1938.4,0.15
2012-11-23,1940.0,1940.0,1928.3,1928.3,-0.52
2012-11-26,1939.2,1939.2,1933.5,1933.5,0.27
2012-11-27,1938.7,1940.8,1938.7,1940.8,0.38
2012-11-28,1941.9,1941.9,1932.5,1932.5,-0.43
2012-11-29,1941.8,1943.5,1941.8,1943.5,0.57
2012-11-30,1942.1,1945.4,1942.1,1945.4,0.1
2012-12-03,1942.2,1942.2,1938.8,1938.8,-0.34
2012-12-04,1946.5,1946.5,1944.3,1944.3,0.28
2012-12-05,1946.8,1947.6,1946.8,1947.6,0.17
2012-12-06,1945.3,1960.2,1945.3,1960.2,0.65
2012-12-07,1945.8,1946.1,1945.8,1946.1,-0.72
2012-12-10,1945.9,1945.9,1941.2,1941.2,-0.25
2012-12-11,1946.3,1946.3,1943.7,1943.7,0.13
2012-12-12,1945.1,1945.1,1939.1,1939.1,-0.24
2012-12-13,1949.1,1949.1,1947.5,1947.5,0.43
2012-12-14,1952.0,1952.0,1941.1,1941.1,-0.33
2012-12-17,1941.7,1949.9,1941.7,1949.2,0.42
2012-12-18,1952.8,1952.8,1947.0,1947.0,-0.11
2012-12-19,1957.8,1966.8,1957.8,1966.8,1.02
2012-12-20,1956.5,1958.2,1956.5,1958.2,-0.44
2012-12-21,1955.4,1958.6,1955.4,1958.6,0.02
2012-12-24,1955.1,1960.6,1955.1,1960.6,0.1
2012-12-25,1960.9,1960.9,1960.9,1960.9,0.02
2012-12-26,1954.5,1954.5,1954.5,1954.5,-0.33
2012-12-27,1959.1,1962.8,1959.1,1962.8,0.42
2012-12-28,1957.5,1957.5,1951.9,1951.9,-0.56
2012-12-31,1957.4,1957.4,1955.5,1955.5,0.18
2013-01-01,1952.6,1953.5,1952.6,1953.5,-0.1
2013-01-02,1959.7,1969.5,1956.7,1969.5,0.82
2013-01-03,1961.3,1971.0,1961.3,1971.0,0.08
2013-01-04,1958.0,1958.0,1948.7,1948.7,-1.13
2013-01-07,1957.8,1958.0,1945.2,1945.2,-0.18
2013-01-08,1958.1,1964.7,1958.1,1964.7,1.0
2013-01-09,1959.2,1959.2,1957.8,1957.8,-0.35
2013-01-10,1959.3,1959.5,1933.2,1933.2,-1.26
2013-01-11,1959.9,1959.9,1946.7,1946.7,0.7
2013-01-14,1959.2,1959.2,1957.4,1957.4,0.55
2013-01-15,1956.8,1969.4,1956.8,1969.4,0.61
2013-01-16,1967.0,1967.0,1962.7,1966.2,-0.16
2013-01-17,1963.7,1963.7,1961.0,1961.0,-0.26
2013-01-18,1961.5,1966.8,1961.5,1966.8,0.3
2013-01-21,1966.2,1966.2,1961.5,1961.5,-0.27
2013-01-22,1967.9,1970.2,1967.9,1970.2,0.44
2013-01-23,1966.3,1971.2,1966.3,1971.2,0.05
2013-01-24,1961.6,1961.6,1955.1,1955.1,-0.82
2013-01-25,1961.6,1961.6,1957.9,1957.9,0.14
2013-01-28,1962.3,1962.3,1960.8,1960.8,0.15
2013-01-29,1962.5,1962.5,1953.9,1953.9,-0.35
2013-01-30,1973.0,1973.0,1969.6,1969.6,0.8
2013-01-31,1962.5,1962.5,1958.7,1958.7,-0.55
2013-02-01,1962.2,1962.6,1962.2,1962.6,0.2
2013-02-04,1964.7,1969.0,1962.2,1969.0,0.33
2013-02-05,1961.5,1969.8,1958.9,1958.9,-0.51
2013-02-06,1978.4,1979.9,1978.4,1979.7,1.06
2013-02-07,1961.7,1987.4,1961.7,1987.4,0.39
2013-02-08,1961.1,1968.6,1961.1,1968.6,-0.95
2013-02-11,1960.2,1960.2,1958.7,1958.7,-0.5
2013-02-12,1962.0,1962.0,1959.7,1959.7,0.05
2013-02-13,1983.8,1990.8,1983.8,1990.8,1.59
2013-02-14,1961.1,1961.1,1955.6,1955.6,-1.77
2013-02-15,1961.9,1961.9,1956.4,1956.4,0.04
2013-02-18,1960.4,1961.3,1960.1,1960.8,0.22
2013-02-19,1989.6,1989.6,1982.0,1982.0,1.08
2013-02-20,1960.5,1974.6,1960.5,1974.6,-0.37
2013-02-21,1987.5,1987.9,1959.8,1959.8,-0.75
2013-02-22,1960.1,1960.1,1957.7,1957.7,-0.11
2013-02-25,1960.7,1991.7,1960.7,1991.7,1.74
2013-02-26,1994.3,1996.4,1994.3,1996.4,0.24
2013-02-27,1960.8,1960.8,1957.2,1957.2,-1.96
2013-02-28,1961.4,1970.3,1961.4,1970.3,0.67
2013-03-01,1961.9,1961.9,1960.8,1960.8,-0.48
2013-03-04,1960.6,1960.6,1956.8,1956.8,-0.2
2013-03-05,1998.3,1998.3,1996.6,1996.6,2.03
2013-03-06,1961.9,1971.0,1961.1,1971.0,-1.28
2013-03-07,1960.1,1960.1,1947.7,1947.7,-1.18
2013-03-08,1960.8,1976.9,1960.8,1976.9,1.5
2013-03-11,1974.8,1974.8,1954.5,1954.5,-1.13
2013-03-12,2003.9,2003.9,2000.8,2000.8,2.37
2013-03-13,2003.8,2010.9,2003.8,2010.9,0.5
2013-03-14,2007.5,2007.5,1993.3,1993.3,-0.88
2013-03-15,2005.2,2005.2,2002.9,2002.9,0.48
2013-03-18,1987.5,1987.5,1986.8,1986.8,-0.8
2013-03-19,1990.3,2002.9,1990.3,2002.9,0.81
2013-03-20,1988.0,1988.0,1984.7,1984.7,-0.91
2013-03-21,2009.6,2013.8,2009.6,2013.8,1.47
2013-03-22,2010.2,2010.2,2004.2,2004.2,-0.48
2013-03-25,1991.6,2012.3,1991.6,2012.3,0.4
2013-03-26,1989.3,1989.3,1988.7,1988.7,-1.17
2013-03-27,1975.1,1975.1,1972.9,1972.9,-0.79
2013-03-28,2015.1,2015.1,2014.7,2014.7,2.12
2013-03-29,2013.6,2013.6,2013.6,2013.6,-0.05
2013-04-01,2013.6,2013.6,2013.6,2013.6,0.0
2013-04-02,2018.6,2020.8,2018.6,2020.8,0.36
2013-04-03,2019.4,2019.4,2015.4,2015.4,-0.27
2013-04-04,1986.2,1986.2,1966.6,1966.6,-2.42
2013-04-05,2001.3,2001.3,2001.0,2001.0,1.75
2013-04-08,2019.9,2021.0,2019.9,2021.0,1.0
2013-04-09,2017.7,2024.9,2017.6,2017.6,-0.17
2013-04-10,2022.5,2027.0,2022.5,2027.0,0.47
2013-04-11,2004.5,2009.2,2004.5,2009.2,-0.88
2013-04-12,2024.8,2024.8,2017.4,2017.4,0.41
2013-04-15,2024.7,2029.9,2023.7,2029.9,0.62
2013-04-16,2027.4,2027.4,2015.8,2015.8,-0.69
2013-04-17,2011.3,2028.2,2011.3,2028.2,0.62
2013-04-18,2010.1,2025.1,2007.0,2025.1,-0.15
2013-04-19,2009.6,2017.7,2009.6,2017.7,-0.37
2013-04-22,2028.0,2028.0,2024.6,2024.6,0.34
2013-04-23,2031.0,2031.0,2030.1,2030.1,0.27
2013-04-24,2017.0,2017.7,2017.0,2017.7,-0.61
2013-04-25,2016.7,2027.7,2016.7,2026.4,0.43
2013-04-26,2025.2,2025.2,2010.9,2010.9,-0.76
2013-04-29,2016.5,2016.5,2015.0,2015.0,0.2
2013-04-30,2039.0,2039.0,2024.7,2024.7,0.48
2013-05-01,2040.0,2043.6,2040.0,2043.6,0.93
2013-05-02,2039.9,2056.1,2039.9,2056.1,0.61
2013-05-03,2039.3,2039.6,2039.3,2039.6,-0.8
2013-05-06,2036.7,2041.2,2036.7,2041.2,0.08
2013-05-07,2042.2,2050.0,2042.2,2050.0,0.43
2013-05-08,2043.4,2043.4,2039.0,2039.0,-0.54
2013-05-09,2046.4,2062.7,2046.4,2062.7,1.16
2013-05-10,2043.8,2043.8,2040.9,2043.8,-0.92
2013-05-13,2046.8,2046.8,2043.2,2044.2,0.02
2013-05-14,2043.9,2050.1,2043.9,2050.1,0.29
2013-05-15,2045.4,2045.4,2042.5,2042.5,-0.37
2013-05-16,2047.0,2047.0,2043.5,2043.5,0.05
2013-05-17,2046.3,2050.1,2046.3,2050.1,0.32
2013-05-20,2028.3,2028.3,2024.2,2024.2,-1.26
2013-05-21,2052.9,2052.9,2046.2,2046.2,1.09
2013-05-22,2051.3,2063.1,2051.3,2063.1,0.83
2013-05-23,2033.4,2033.4,2026.1,2026.1,-1.79
2013-05-24,2021.8,2036.2,2021.8,2036.2,0.5
2013-05-27,2052.0,2053.4,2052.0,2053.4,0.84
2013-05-28,2030.1,2042.5,2030.1,2042.5,-0.53
2013-05-29,2033.3,2035.5,2033.3,2035.5,-0.34
2013-05-30,2039.1,2039.1,2029.4,2029.4,-0.3
2013-05-31,2032.1,2032.1,2031.5,2031.5,0.1
2013-06-03,2017.1,2017.1,2008.0,2008.0,-1.16
2013-06-04,2058.0,2058.6,2058.0,2058.6,2.52
2013-06-05,2038.8,2038.8,2034.7,2034.7,-1.16
2013-06-06,2060.0,2060.0,2039.6,2039.6,0.24
2013-06-07,2040.8,2046.4,2040.8,2046.4,0.33
2013-06-10,2040.8,2048.3,2034.7,2034.7,-0.57
2013-06-11,2040.8,2048.3,2018.5,2018.7,-0.79
2013-06-12,2018.0,2044.7,2018.0,2036.2,0.87
2013-06-13,2035.8,2044.8,2035.8,2038.6,0.12
2013-06-14,2039.2,2066.0,2039.2,2062.3,1.16
2013-06-17,2061.4,2061.4,2040.7,2040.7,-1.05
2013-06-18,2068.1,2068.1,2065.2,2065.2,1.2
2013-06-19,2046.0,2061.4,2046.0,2061.4,-0.18
2013-06-20,2066.1,2066.1,2063.5,2063.5,0.1
2013-06-21,2061.0,2061.0,2047.0,2061.0,-0.12
2013-06-24,2063.8,2066.0,2063.3,2063.3,0.11
2013-06-25,2070.3,2077.9,2070.3,2077.9,0.71
2013-06-26,2065.5,2067.9,2065.5,2067.9,-0.48
2013-06-27,2067.4,2067.4,2047.2,2047.2,-1.0
2013-06-28,2048.0,2059.3,2048.0,2059.3,0.59
2013-07-01,2058.8,2058.8,1958.2,1958.2,-4.91
2013-07-02,1957.8,2076.7,1957.8,2076.7,6.05
2013-07-03,2051.4,2051.4,2043.8,2043.8,-1.58
2013-07-04,2044.1,2086.5,2044.1,2086.5,2.09
2013-07-05,2072.0,2080.5,2072.0,2080.5,-0.29
2013-07-08,2080.8,2080.8,2069.1,2069.1,-0.55
2013-07-09,2069.0,2069.0,2054.1,2066.8,-0.11
2013-07-10,2070.5,2070.5,2044.1,2044.1,-1.1
2013-07-11,2075.2,2075.2,2070.3,2070.3,1.28
2013-07-12,2069.4,2077.8,2069.4,2071.0,0.03
2013-07-15,2053.5,2054.0,2048.5,2048.5,-1.09
2013-07-16,2048.7,2074.7,2048.7,2067.9,0.95
2013-07-17,2079.3,2082.3,2079.3,2082.3,0.7
2013-07-18,2078.4,2078.4,2076.4,2076.4,-0.28
2013-07-19,2076.5,2076.5,2073.8,2073.8,-0.13
2013-07-22,2073.8,2081.5,2073.0,2080.2,0.31
2013-07-23,2113.6,2113.6,2106.0,2106.0,1.24
2013-07-24,2059.9,2065.1,2059.9,2065.1,-1.94
2013-07-25,2013.0,2013.0,2001.0,2001.0,-3.1
2013-07-26,2081.9,2081.9,2081.5,2081.5,4.02
2013-07-29,2061.6,2064.9,2061.6,2064.9,-0.8
2013-07-30,2117.4,2119.2,2117.4,2119.2,2.63
2013-07-31,2083.8,2083.8,2076.3,2076.3,-2.02
2013-08-01,2080.9,2086.2,2080.9,2086.2,0.48
2013-08-02,2082.7,2082.7,2071.3,2071.3,-0.71
2013-08-05,2085.6,2087.1,2085.6,2087.1,0.76
2013-08-06,2089.7,2089.7,2083.5,2083.5,-0.17
2013-08-07,2088.8,2088.8,2082.5,2082.5,-0.05
2013-08-08,2068.5,2068.5,2065.1,2065.1,-0.84
2013-08-09,2068.3,2073.5,2068.3,2073.5,0.41
2013-08-12,2090.8,2091.5,2090.8,2091.0,0.84
2013-08-13,2089.0,2094.6,2089.0,2094.6,0.17
2013-08-14,2092.8,2092.8,2091.2,2091.2,-0.16
2013-08-15,2092.9,2092.9,2082.5,2082.5,-0.42
2013-08-16,2092.7,2093.8,2092.7,2093.8,0.54
2013-08-19,2092.8,2096.8,2092.8,2096.8,0.14
2013-08-20,2093.7,2093.7,2087.6,2087.6,-0.44
2013-08-21,2092.8,2099.2,2092.8,2099.2,0.56
2013-08-22,2095.9,2095.9,2088.9,2088.9,-0.49
2013-08-23,2125.2,2125.2,2121.4,2121.4,1.56
2013-08-26,2096.3,2096.3,2096.0,2096.0,-1.2
2013-08-27,2125.5,2125.5,2118.0,2118.0,1.05
2013-08-28,2101.4,2102.2,2101.3,2102.2,-0.75
2013-08-29,2100.9,2104.4,2100.9,2104.4,0.1
2013-08-30,2100.2,2103.5,2100.2,2103.5,-0.04
2013-09-02,2101.4,2105.2,2101.4,2105.2,0.08
2013-09-03,2101.7,2102.7,2101.7,2102.7,-0.12
2013-09-04,2100.8,2100.8,2097.3,2097.3,-0.26
2013-09-05,2101.8,2116.7,2101.8,2116.7,0.92
2013-09-06,2100.9,2100.9,2089.7,2089.7,-1.28
2013-09-09,2101.3,2101.3,2091.7,2091.7,0.1
2013-09-10,2102.0,2102.0,2098.2,2098.2,0.31
2013-09-11,2101.3,2101.3,2092.7,2092.7,-0.26
2013-09-12,2101.9,2101.9,2101.1,2101.1,0.4
2013-09-13,2101.6,2101.6,2100.5,2100.5,-0.03
2013-09-16,2089.7,2102.6,2088.6,2102.6,0.1
2013-09-17,2151.4,2151.5,2151.4,2151.5,2.33
2013-09-18,2151.0,2151.0,2124.9,2124.9,-1.24
2013-09-19,2151.4,2154.5,2151.4,2154.5,1.39
2013-09-20,2150.8,2153.3,2150.8,2153.3,-0.06
2013-09-23,2150.8,2155.0,2150.8,2155.0,0.08
2013-09-24,2124.2,2126.0,2124.2,2126.0,-1.35
2013-09-25,2157.7,2157.7,2155.0,2155.0,1.36
2013-09-26,2157.7,2160.5,2157.7,2160.5,0.26
2013-09-27,2123.8,2124.0,2121.8,2121.8,-1.79
2013-09-30,2127.5,2127.5,2100.3,2100.3,-1.01
2013-10-01,2129.7,2132.6,2129.7,2132.6,1.54
2013-10-02,2091.3,2091.3,2082.0,2082.0,-2.37
2013-10-03,2091.6,2091.6,2088.6,2088.6,0.32
2013-10-04,2127.8,2133.8,2127.5,2133.8,2.16
2013-10-07,2131.0,2131.0,2129.1,2129.3,-0.21
2013-10-08,2136.4,2136.8,2136.4,2136.8,0.35
2013-10-09,2115.3,2115.3,2114.1,2114.1,-1.06
2013-10-10,2098.5,2099.6,2098.5,2099.6,-0.69
2013-10-11,2116.5,2120.7,2116.5,2120.7,1.0
2013-10-14,2117.2,2117.2,2099.2,2099.6,-0.99
2013-10-15,2099.9,2099.9,2094.5,2094.5,-0.24
2013-10-16,2137.4,2139.8,2137.4,2139.8,2.16
2013-10-17,2119.0,2119.0,2111.7,2111.7,-1.31
2013-10-18,2142.6,2143.2,2142.6,2143.2,1.49
2013-10-21,2141.9,2142.5,2141.8,2142.5,-0.03
2013-10-22,2142.9,2142.9,2126.8,2126.8,-0.73
2013-10-23,2126.7,2126.7,2121.8,2121.8,-0.24
2013-10-24,2147.9,2148.3,2147.9,2148.3,1.25
2013-10-25,2108.9,2109.5,2108.9,2109.5,-1.81
2013-10-28,2110.2,2112.4,2110.2,2112.4,0.14
2013-10-29,2111.8,2150.2,2111.8,2150.2,1.79
2013-10-30,2131.6,2135.9,2131.6,2135.9,-0.67
2013-10-31,2135.8,2139.7,2130.4,2139.7,0.18
2013-11-01,2150.6,2154.7,2150.6,2154.7,0.7
2013-11-04,2112.9,2112.9,2111.9,2111.9,-1.99
2013-11-05,2134.3,2137.2,2134.3,2137.2,1.2
2013-11-06,2151.9,2151.9,2150.7,2151.6,0.67
2013-11-07,2135.6,2150.4,2135.6,2150.4,-0.06
2013-11-08,2120.0,2128.4,2120.0,2128.4,-1.02
2013-11-11,2134.8,2134.8,2133.2,2133.2,0.23
2013-11-12,2135.9,2152.4,2135.9,2144.4,0.53
2013-11-13,2159.6,2159.6,2147.9,2147.9,0.16
2013-11-14,2160.1,2160.1,2158.1,2158.1,0.47
2013-11-15,2159.2,2159.2,2152.5,2152.5,-0.26
2013-11-18,2138.2,2138.2,2138.2,2138.2,-0.66
2013-11-19,2138.2,2152.5,2138.2,2152.5,0.67
2013-11-20,2138.2,2152.5,2138.2,2152.5,0.0
2013-11-21,2181.7,2181.7,2143.7,2143.7,-0.41
2013-11-22,2181.7,2181.7,2138.2,2138.2,-0.26
2013-11-25,2128.4,2128.4,2128.4,2128.4,-0.46
2013-11-26,2125.3,2130.3,2125.3,2130.3,0.09
2013-11-27,2125.3,2130.3,2125.3,2128.4,-0.09
2013-11-28,2166.8,2166.8,2166.8,2166.8,1.8
2013-11-29,2164.2,2167.0,2164.2,2167.0,0.01
2013-12-02,2171.0,2171.0,2145.1,2145.1,-1.01
2013-12-03,2146.0,2185.5,2146.0,2185.5,1.88
2013-12-04,2183.5,2183.7,2147.9,2147.9,-1.72
2013-12-05,2148.4,2148.4,2131.1,2131.1,-0.78
2013-12-06,2118.9,2133.0,2118.9,2133.0,0.09
2013-12-09,2127.8,2134.8,2127.8,2134.8,0.08
2013-12-10,2131.4,2171.5,2131.4,2171.5,1.72
2013-12-11,2169.8,2169.8,2155.2,2155.2,-0.75
2013-12-12,2153.5,2176.5,2153.5,2176.5,0.99
2013-12-13,2181.8,2181.8,2175.8,2175.8,-0.03
2013-12-16,2173.5,2173.5,2138.9,2138.9,-1.7
2013-12-17,2143.4,2143.4,2143.4,2143.4,0.21
2013-12-18,2175.6,2175.6,2174.4,2174.4,1.45
2013-12-19,2186.2,2186.2,2177.5,2177.5,0.14
2013-12-20,2184.4,2184.4,2177.5,2177.5,0.0
2013-12-23,2173.6,2175.9,2171.7,2175.9,-0.07
2013-12-24,2176.2,2176.6,2176.2,2176.6,0.03
2013-12-25,2176.2,2176.6,2175.9,2175.9,-0.03
2013-12-26,2174.5,2174.5,2174.5,2174.5,-0.06
2013-12-27,2173.4,2212.1,2173.4,2212.1,1.73
2013-12-30,2229.7,2229.7,2210.9,2210.9,-0.05
2013-12-31,2205.3,2205.3,2204.0,2204.0,-0.31
2014-01-01,2208.4,2208.4,2208.4,2208.4,0.2
2014-01-02,2205.7,2205.7,2179.4,2180.1,-1.28
2014-01-03,2180.3,2203.6,2180.3,2203.6,1.08
2014-01-06,2212.2,2213.0,2204.4,2204.4,0.04
2014-01-07,2201.1,2208.0,2201.1,2208.0,0.16
2014-01-08,2209.0,2209.0,2189.1,2189.1,-0.86
2014-01-09,2191.0,2194.1,2191.0,2192.9,0.17
2014-01-10,2193.3,2194.2,2193.3,2194.2,0.06
2014-01-13,2182.8,2194.4,2182.4,2194.1,0.0
2014-01-14,2194.3,2198.7,2194.3,2198.7,0.21
2014-01-15,2206.1,2206.1,2195.0,2195.0,-0.17
2014-01-16,2198.8,2198.8,2194.4,2194.7,-0.01
2014-01-17,2193.6,2194.9,2193.6,2194.9,0.01
2014-01-20,2206.1,2208.5,2193.7,2193.7,-0.05
2014-01-21,2194.7,2194.7,2193.8,2193.8,0.0
2014-01-22,2186.3,2193.8,2186.3,2193.8,0.0
2014-01-23,2195.5,2195.5,2194.7,2194.7,0.04
2014-01-24,2186.1,2194.1,2186.1,2194.1,-0.03
2014-01-27,2200.5,2200.5,2194.7,2194.7,0.03
2014-01-28,2194.1,2194.9,2194.1,2194.9,0.01
2014-01-29,2191.3,2197.0,2191.3,2197.0,0.1
2014-01-30,2194.4,2194.4,2193.5,2193.5,-0.16
2014-01-31,2201.3,2204.7,2194.0,2204.7,0.51
2014-02-03,2204.5,2204.6,2195.6,2195.6,-0.41
2014-02-04,2192.9,2204.4,2192.9,2204.4,0.4
2014-02-05,2203.3,2207.7,2203.0,2203.0,-0.06
2014-02-06,2204.9,2206.0,2204.9,2206.0,0.14
2014-02-07,2193.9,2205.1,2193.9,2205.1,-0.04
2014-02-10,2197.0,2199.9,2195.9,2199.9,-0.24
2014-02-11,2193.6,2214.6,2193.6,2214.6,0.67
2014-02-12,2216.6,2216.6,2210.2,2210.2,-0.2
2014-02-13,2208.4,2211.9,2208.4,2209.3,-0.04
2014-02-14,2208.9,2208.9,2204.7,2204.9,-0.2
2014-02-17,2206.6,2206.6,2204.9,2205.4,0.02
2014-02-18,2205.4,2205.4,2204.0,2204.0,-0.06
2014-02-19,2198.4,2215.5,2198.4,2215.5,0.52
2014-02-20,2216.5,2216.5,2212.9,2212.9,-0.12
2014-02-21,2210.9,2210.9,2210.9,2210.9,-0.09
2014-02-24,2205.7,2215.4,2205.7,2214.8,0.18
2014-02-25,2215.0,2218.8,2215.0,2218.8,0.18
2014-02-26,2219.8,2221.8,2219.8,2221.8,0.14
2014-02-27,2230.3,2230.3,2219.7,2219.7,-0.09
2014-02-28,2211.5,2220.1,2211.5,2220.1,0.02
2014-03-03,2224.0,2224.0,2219.7,2219.7,-0.02
2014-03-04,2224.9,2226.0,2224.9,2226.0,0.28
2014-03-05,2229.0,2229.0,2210.7,2210.7,-0.69
2014-03-06,2210.9,2229.5,2210.9,2229.5,0.85
2014-03-07,2212.6,2234.2,2212.6,2234.2,0.21
2014-03-10,2238.5,2238.5,2230.3,2230.3,-0.17
2014-03-11,2231.1,2236.0,2231.1,2234.9,0.21
2014-03-12,2234.5,2234.5,2234.1,2234.1,-0.04
2014-03-13,2229.6,2234.9,2229.6,2234.9,0.04
2014-03-14,2250.0,2250.0,2232.7,2232.7,-0.1
2014-03-17,2229.5,2230.4,2224.7,2224.7,-0.36
2014-03-18,2217.5,2229.8,2217.5,2229.8,0.23
2014-03-19,2229.3,2229.3,2226.9,2226.9,-0.13
2014-03-20,2243.4,2243.4,2225.1,2225.1,-0.08
2014-03-21,2223.4,2240.7,2223.4,2240.7,0.7
2014-03-24,2241.2,2241.2,2240.3,2240.3,-0.02
2014-03-25,2228.6,2245.4,2228.6,2242.8,0.11
2014-03-26,2243.5,2246.3,2243.5,2246.3,0.16
2014-03-27,2246.8,2246.8,2246.1,2246.1,-0.01
2014-03-28,2249.1,2249.1,2244.6,2244.6,-0.07
2014-03-31,2241.6,2244.6,2241.4,2244.6,0.0
2014-04-01,2248.6,2248.9,2248.6,2248.9,0.19
2014-04-02,2249.3,2249.3,2246.7,2246.7,-0.1
2014-04-03,2247.5,2247.5,2247.5,2247.5,0.04
2014-04-04,2253.4,2253.4,2243.1,2243.1,-0.2
2014-04-07,2243.7,2243.7,2240.7,2240.7,-0.11
2014-04-08,2238.5,2241.3,2238.5,2241.3,0.03
2014-04-09,2237.1,2241.6,2237.1,2241.6,0.01
2014-04-10,2234.0,2240.3,2234.0,2240.3,-0.06
2014-04-11,2236.8,2250.0,2236.8,2250.0,0.43
2014-04-14,2257.1,2257.6,2250.5,2250.5,0.02
2014-04-15,2253.0,2253.0,2240.2,2240.2,-0.46
2014-04-16,2240.2,2254.5,2240.2,2254.5,0.64
2014-04-17,2257.2,2257.2,2254.4,2254.4,0.0
2014-04-18,2261.5,2261.5,2259.9,2260.3,0.26
2014-04-21,2260.9,2260.9,2259.4,2259.4,-0.04
2014-04-22,2264.2,2264.2,2257.3,2257.3,-0.09
2014-04-23,2259.9,2259.9,2259.8,2259.8,0.11
2014-04-24,2264.1,2264.1,2258.1,2258.1,-0.08
2014-04-25,2256.7,2261.3,2256.7,2261.3,0.14
2014-04-28,2261.6,2261.6,2259.5,2259.5,-0.08
2014-04-29,2262.1,2262.1,2244.6,2244.6,-0.66
2014-04-30,2251.9,2252.9,2167.8,2167.8,-3.42
2014-05-01,2161.4,2161.4,2158.8,2158.8,-0.42
2014-05-02,2161.5,2255.1,2161.5,2255.1,4.46
2014-05-05,2252.9,2254.9,2252.9,2253.4,-0.08
2014-05-06,2254.6,2264.2,2254.6,2264.2,0.48
2014-05-07,2264.7,2264.7,2257.1,2257.1,-0.31
2014-05-08,2260.0,2260.0,2257.0,2257.0,0.0
2014-05-09,2274.0,2274.0,2257.2,2257.2,0.01
2014-05-12,2262.8,2262.8,2257.0,2257.0,-0.01
2014-05-13,2256.9,2257.6,2256.9,2257.6,0.03
2014-05-14,2257.8,2257.8,2256.1,2256.1,-0.07
2014-05-15,2254.6,2256.6,2254.6,2256.6,0.02
2014-05-16,2246.4,2256.1,2246.4,2256.1,-0.02
2014-05-19,2254.7,2256.3,2253.4,2256.3,0.01
2014-05-20,2257.4,2257.4,2256.5,2256.5,0.01
2014-05-21,2255.5,2258.0,2255.5,2258.0,0.07
2014-05-22,2256.7,2256.7,2256.2,2256.2,-0.08
2014-05-23,2260.0,2260.0,2255.2,2255.2,-0.04
2014-05-26,2255.0,2256.3,2255.0,2256.3,0.05
2014-05-27,2256.3,2256.3,2256.3,2256.3,0.0
2014-05-28,2256.3,2256.3,2256.3,2256.3,0.0
2014-05-29,2260.8,2270.7,2259.4,2270.7,0.64
2014-05-30,2273.2,2273.2,2271.1,2271.1,0.02
2014-06-02,2268.0,2270.5,2268.0,2270.5,-0.03
2014-06-03,2272.7,2272.7,2270.4,2270.4,0.0
2014-06-04,2268.3,2270.6,2268.3,2269.3,-0.05
2014-06-05,2273.3,2273.3,2270.3,2270.3,0.04
2014-06-06,2270.3,2270.3,2270.3,2270.3,0.0
2014-06-09,2270.9,2270.9,2270.9,2270.9,0.03
2014-06-10,2276.0,2276.0,2270.5,2270.5,-0.02
2014-06-11,2271.6,2271.6,2270.8,2270.8,0.01
2014-06-12,2270.2,2272.5,2269.8,2269.8,-0.04
2014-06-13,2265.8,2270.6,2265.8,2270.6,0.04
2014-06-16,2270.7,2270.8,2265.7,2265.7,-0.22
2014-06-17,2264.3,2270.5,2264.3,2270.5,0.21
2014-06-18,2273.3,2273.3,2270.8,2270.8,0.01
2014-06-19,2266.6,2270.1,2266.6,2270.1,-0.03
2014-06-20,2273.3,2273.3,2270.9,2270.9,0.04
2014-06-23,2270.8,2270.8,2270.7,2270.7,-0.01
2014-06-24,2270.9,2270.9,2270.9,2270.9,0.01
2014-06-25,2273.5,2273.5,2270.6,2270.6,-0.01
2014-06-26,2266.6,2270.8,2266.6,2270.8,0.01
2014-06-27,2271.2,2271.2,2270.5,2270.5,-0.01
2014-06-30,2265.3,2270.7,2264.3,2270.7,0.01
2014-07-01,2263.7,2270.5,2263.7,2270.5,-0.01
2014-07-02,2270.9,2270.9,2270.9,2270.9,0.02
2014-07-03,2272.5,2272.5,2270.8,2270.8,0.0
2014-07-04,2278.4,2278.4,2270.7,2270.7,0.0
2014-07-07,2270.9,2270.9,2270.6,2270.6,0.0
2014-07-08,2268.6,2270.6,2268.6,2270.6,0.0
2014-07-09,2266.1,2271.4,2266.1,2271.4,0.04
2014-07-10,2270.4,2270.4,2270.4,2270.4,-0.04
2014-07-11,2272.8,2272.8,2271.4,2271.8,0.06
2014-07-14,2271.1,2294.1,2271.1,2294.1,0.98
2014-07-15,2295.2,2295.2,2269.2,2269.2,-1.09
2014-07-16,2276.7,2276.7,2270.3,2270.3,0.05
2014-07-17,2271.5,2271.5,2270.5,2270.5,0.01
2014-07-18,2271.8,2271.8,2270.6,2270.6,0.0
2014-07-21,2269.0,2270.7,2269.0,2270.7,0.0
2014-07-22,2270.4,2270.6,2270.4,2270.6,0.0
2014-07-23,2270.4,2270.4,2270.4,2270.4,-0.01
2014-07-24,2270.8,2270.8,2270.8,2270.8,0.02
2014-07-25,2272.0,2304.1,2272.0,2304.1,1.47
2014-07-28,2305.9,2305.9,2302.1,2302.1,-0.09
2014-07-29,2302.4,2302.4,2302.3,2302.3,0.01
2014-07-30,2306.7,2306.7,2302.2,2302.2,0.0
2014-07-31,2303.0,2303.0,2302.2,2302.2,0.0
2014-08-01,2302.0,2302.0,2302.0,2302.0,-0.01
2014-08-04,2296.4,2301.8,2296.4,2301.8,-0.01
2014-08-06,2301.4,2301.4,2301.4,2301.4,-0.02
2014-08-07,2295.2,2302.1,2295.2,2302.1,0.03
2014-08-08,2304.8,2304.8,2302.3,2302.3,0.01
2014-08-11,2300.4,2301.9,2300.4,2301.9,-0.02
2014-08-12,2303.7,2303.7,2301.4,2301.4,-0.02
2014-08-13,2297.4,2301.8,2297.4,2301.8,0.02
2014-08-14,2301.0,2301.2,2301.0,2301.2,-0.03
2014-08-15,2304.5,2304.5,2298.9,2298.9,-0.1
2014-08-18,2302.0,2302.0,2302.0,2302.0,0.13
2014-08-19,2308.0,2318.2,2308.0,2318.2,0.7
2014-08-20,2323.1,2323.1,2317.6,2317.6,-0.03
2014-08-21,2321.3,2321.3,2317.5,2317.5,0.0
2014-08-22,2315.3,2318.1,2315.3,2318.1,0.03
2014-08-25,2330.2,2330.2,2317.6,2319.2,0.05
2014-08-26,2320.1,2321.3,2320.1,2321.3,0.09
2014-08-27,2326.5,2326.5,2295.8,2295.8,-1.1
2014-08-28,2296.2,2296.5,2296.1,2296.5,0.03
2014-08-29,2296.5,2307.5,2296.5,2307.5,0.48
2014-09-01,2308.2,2308.2,2297.4,2299.4,-0.35
2014-09-02,2298.8,2325.6,2298.8,2322.4,1.0
2014-09-03,2322.8,2322.8,2293.8,2293.8,-1.23
2014-09-04,2293.5,2327.1,2293.5,2327.1,1.45
2014-09-05,2328.7,2328.7,2293.3,2293.6,-1.44
2014-09-08,2293.3,2296.6,2293.0,2293.0,-0.03
2014-09-09,2302.7,2302.7,2284.0,2284.0,-0.39
2014-09-10,2284.0,2299.4,2284.0,2299.4,0.67
2014-09-11,2298.4,2298.4,2292.4,2292.4,-0.3
2014-09-12,2291.8,2293.0,2286.7,2286.7,-0.25
2014-09-15,2287.7,2293.2,2287.7,2289.7,0.13
2014-09-16,2289.5,2293.1,2289.5,2290.3,0.03
2014-09-17,2291.0,2310.0,2291.0,2310.0,0.86
2014-09-18,2311.1,2311.1,2284.7,2284.7,-1.1
2014-09-19,2286.1,2299.0,2286.1,2299.0,0.63
2014-09-22,2292.5,2292.5,2291.5,2291.5,-0.33
2014-09-23,2290.9,2298.9,2290.9,2298.9,0.32
2014-09-24,2299.0,2304.1,2292.7,2304.1,0.23
2014-09-25,2304.5,2304.5,2287.8,2287.8,-0.71
2014-09-26,2286.4,2303.2,2286.4,2303.2,0.67
2014-09-29,2304.0,2304.0,2291.9,2291.9,-0.49
2014-09-30,2291.9,2342.6,2291.9,2333.0,1.79
2014-10-01,2333.0,2334.7,2287.9,2287.9,-1.93
2014-10-02,2287.2,2291.7,2286.2,2291.7,0.17
2014-10-03,2287.7,2311.5,2287.7,2311.5,0.86
2014-10-06,2311.1,2311.1,2272.7,2272.7,-1.68
2014-10-07,2276.0,2292.7,2276.0,2278.7,0.26
2014-10-08,2280.0,2291.9,2280.0,2291.9,0.58
2014-10-09,2278.8,2357.5,2278.8,2357.5,2.86
2014-10-10,2357.9,2357.9,2343.9,2351.2,-0.27
2014-10-13,2349.2,2349.2,2333.2,2333.2,-0.77
2014-10-14,2337.4,2343.5,2337.4,2343.2,0.43
2014-10-15,2345.6,2345.6,2310.6,2310.6,-1.39
2014-10-16,2311.5,2346.4,2308.2,2337.1,1.15
2014-10-17,2336.9,2347.9,2335.9,2347.9,0.46
2014-10-20,2359.8,2359.8,2347.1,2347.1,-0.03
2014-10-21,2343.9,2355.6,2343.9,2355.6,0.36
2014-10-22,2355.8,2355.8,2344.3,2344.3,-0.48
2014-10-23,2356.4,2356.4,2348.1,2351.5,0.31
2014-10-24,2351.1,2351.1,2344.7,2344.7,-0.29
2014-10-27,2340.8,2346.9,2340.8,2343.3,-0.06
2014-10-28,2341.9,2356.0,2341.5,2349.6,0.27
2014-10-29,2350.1,2374.4,2349.7,2374.4,1.06
2014-10-30,2376.6,2376.6,2358.0,2358.0,-0.69
2014-10-31,2352.4,2367.0,2352.4,2367.0,0.38
2014-11-03,2376.9,2376.9,2372.0,2372.3,0.22
2014-11-04,2359.9,2360.3,2353.7,2353.7,-0.78
2014-11-05,2351.9,2359.7,2351.9,2357.9,0.18
2014-11-06,2358.6,2387.2,2351.9,2387.2,1.24
2014-11-07,2386.6,2386.6,2348.3,2348.3,-1.63
2014-11-10,2348.5,2372.1,2345.9,2372.1,1.01
2014-11-11,2370.4,2370.4,2352.8,2352.8,-0.81
2014-11-12,2355.9,2369.5,2355.9,2369.5,0.71
2014-11-13,2369.2,2369.2,2362.4,2362.4,-0.3
2014-11-14,2364.2,2364.2,2349.1,2349.1,-0.56
2014-11-17,2348.0,2376.4,2348.0,2376.4,1.16
2014-11-18,2373.2,2373.2,2368.4,2368.4,-0.34
2014-11-19,2368.3,2368.3,2367.4,2368.2,-0.01
2014-11-20,2368.7,2368.9,2367.4,2367.4,-0.03
2014-11-21,2366.5,2367.1,2364.4,2367.1,-0.01
2014-11-24,2377.5,2377.5,2367.3,2367.3,0.01
2014-11-25,2368.7,2373.4,2365.8,2365.8,-0.06
2014-11-26,2364.7,2371.6,2363.3,2363.3,-0.11
2014-11-27,2364.3,2375.9,2364.3,2375.9,0.53
2014-11-28,2379.0,2379.0,2370.5,2377.3,0.06
2014-12-01,2380.6,2380.6,2377.2,2377.2,0.0
2014-12-02,2376.3,2388.0,2376.3,2388.0,0.45
2014-12-03,2387.5,2387.5,2376.7,2376.7,-0.47
2014-12-04,2378.4,2378.4,2376.3,2376.3,-0.02
2014-12-05,2361.6,2376.8,2361.6,2376.8,0.02
2014-12-08,2387.0,2387.0,2376.8,2376.8,0.0
2014-12-09,2368.9,2379.1,2368.9,2379.1,0.1
2014-12-10,2375.9,2382.8,2375.9,2382.8,0.16
2014-12-11,2359.7,2383.0,2359.7,2383.0,0.01
2014-12-12,2394.5,2394.5,2382.3,2382.3,-0.03
2014-12-15,2381.5,2384.8,2381.5,2384.8,0.1
2014-12-16,2382.9,2384.7,2382.9,2384.7,0.0
2014-12-17,2393.3,2393.3,2385.4,2385.4,0.03
2014-12-18,2409.2,2409.2,2387.3,2387.3,0.08
2014-12-19,2392.7,2392.7,2385.3,2385.3,-0.08
2014-12-22,2392.6,2392.6,2386.9,2388.9,0.15
2014-12-23,2396.1,2396.1,2390.6,2390.6,0.07
2014-12-24,2397.3,2397.3,2389.6,2389.6,-0.04
2014-12-25,2397.3,2397.3,2389.6,2390.6,0.04
2014-12-26,2397.3,2397.3,2389.6,2390.6,0.0
2014-12-29,2392.3,2393.4,2391.5,2393.4,0.12
2014-12-30,2400.3,2400.3,2395.9,2395.9,0.1
2014-12-31,2395.0,2395.0,2393.8,2393.8,-0.09
2015-01-01,2404.9,2404.9,2404.9,2404.9,0.46
2015-01-02,2411.3,2411.3,2394.0,2394.0,-0.45
2015-01-05,2411.8,2411.8,2394.3,2394.3,0.01
2015-01-06,2387.5,2394.4,2387.5,2394.4,0.0
2015-01-07,2398.8,2398.8,2392.5,2392.5,-0.08
2015-01-08,2391.3,2396.1,2391.3,2396.1,0.15
2015-01-09,2389.9,2393.6,2389.9,2393.6,-0.1
2015-01-12,2383.2,2396.3,2383.2,2396.3,0.11
2015-01-13,2385.7,2394.6,2385.7,2394.6,-0.07
2015-01-14,2399.8,2399.8,2393.6,2393.6,-0.04
2015-01-15,2389.7,2394.9,2389.7,2394.9,0.05
2015-01-16,2409.3,2409.3,2393.4,2393.4,-0.06
2015-01-19,2399.4,2399.4,2398.2,2398.2,0.2
2015-01-20,2400.9,2400.9,2398.7,2398.7,0.02
2015-01-21,2406.0,2406.0,2400.1,2400.1,0.06
2015-01-22,2394.5,2399.1,2394.5,2399.1,-0.04
2015-01-23,2456.4,2456.4,2391.4,2391.4,-0.32
2015-01-26,2397.2,2404.7,2388.5,2404.7,0.56
2015-01-27,2402.5,2404.0,2402.5,2404.0,-0.03
2015-01-28,2390.6,2404.8,2390.6,2404.8,0.03
2015-01-29,2420.1,2420.1,2405.2,2405.9,0.05
2015-01-30,2401.7,2415.7,2401.7,2415.7,0.41
2015-02-02,2409.3,2412.6,2409.3,2411.9,-0.16
2015-02-03,2408.1,2408.4,2408.1,2408.4,-0.15
2015-02-04,2385.5,2419.3,2385.5,2419.3,0.45
2015-02-05,2438.9,2438.9,2413.0,2413.0,-0.26
2015-02-06,2404.8,2413.4,2404.8,2413.4,0.02
2015-02-09,2441.0,2441.0,2415.5,2415.5,0.09
2015-02-10,2412.3,2427.8,2412.3,2427.8,0.51
2015-02-11,2419.2,2436.9,2419.2,2436.9,0.37
2015-02-12,2437.0,2437.2,2434.0,2434.0,-0.12
2015-02-13,2425.4,2425.4,2420.2,2420.2,-0.57
2015-02-16,2421.4,2424.4,2421.4,2424.4,0.17
2015-02-17,2442.4,2442.4,2426.3,2426.3,0.08
2015-02-18,2431.2,2431.2,2423.5,2423.5,-0.12
2015-02-19,2418.1,2430.2,2418.1,2430.2,0.28
2015-02-20,2436.0,2436.0,2431.5,2431.5,0.05
2015-02-23,2422.3,2429.2,2422.3,2429.2,-0.09
2015-02-24,2423.8,2433.1,2423.8,2433.1,0.16
2015-02-25,2428.2,2434.0,2428.2,2434.0,0.04
2015-02-26,2430.1,2435.1,2430.1,2435.1,0.05
2015-02-27,2464.2,2464.2,2437.8,2437.8,0.11
2015-03-02,2450.7,2450.7,2435.4,2435.4,-0.1
2015-03-03,2444.7,2444.7,2438.3,2438.3,0.12
2015-03-04,2433.7,2438.0,2433.7,2438.0,-0.01
2015-03-05,2449.5,2449.5,2433.4,2433.4,-0.19
2015-03-06,2439.8,2439.8,2431.2,2431.2,-0.09
2015-03-09,2453.6,2453.6,2439.6,2439.6,0.35
2015-03-10,2446.2,2446.2,2440.3,2440.3,0.03
2015-03-11,2449.2,2449.2,2440.5,2440.5,0.01
2015-03-12,2452.9,2452.9,2439.0,2439.0,-0.06
2015-03-13,2444.4,2445.3,2438.7,2438.7,-0.01
2015-03-16,2456.1,2456.1,2443.8,2443.8,0.21
2015-03-17,2436.8,2446.2,2436.8,2446.2,0.1
2015-03-18,2452.4,2452.4,2447.6,2447.6,0.06
2015-03-19,2383.1,2445.9,2383.1,2445.9,-0.07
2015-03-20,2450.7,2450.7,2442.3,2442.3,-0.15
2015-03-23,2426.6,2445.0,2426.6,2445.0,0.11
2015-03-24,2436.3,2451.7,2436.3,2451.7,0.27
2015-03-25,2436.3,2451.7,2436.3,2445.0,-0.27
2015-03-26,2455.4,2455.4,2447.5,2447.5,0.1
2015-03-27,2471.0,2471.0,2451.6,2451.6,0.17
2015-03-30,2452.1,2455.8,2448.9,2455.8,0.17
2015-03-31,2458.6,2458.6,2455.8,2456.4,0.02
2015-04-01,2462.0,2462.0,2462.0,2462.0,0.23
2015-04-02,2459.5,2459.5,2445.7,2445.7,-0.66
2015-04-03,2446.4,2446.4,2446.4,2446.4,0.03
2015-04-06,2419.9,2423.7,2419.3,2423.7,-0.93
2015-04-07,2430.7,2467.0,2430.7,2467.0,1.79
2015-04-08,2475.4,2475.4,2463.1,2463.1,-0.16
2015-04-09,2482.1,2482.1,2461.0,2461.0,-0.09
2015-04-10,2484.7,2484.7,2460.4,2460.4,-0.02
2015-04-13,2454.6,2457.9,2454.6,2456.6,-0.15
2015-04-14,2445.4,2470.6,2445.4,2470.6,0.57
2015-04-15,2453.7,2470.0,2453.7,2470.0,-0.02
2015-04-16,2449.6,2466.9,2449.6,2455.8,-0.57
2015-04-17,2472.4,2472.4,2472.4,2472.4,0.68
2015-04-20,2473.2,2473.2,2473.2,2473.2,0.03
2015-04-21,2470.3,2475.6,2470.3,2475.6,0.1
2015-04-22,2462.2,2473.7,2462.2,2473.7,-0.08
2015-04-23,2483.1,2483.1,2472.2,2472.2,-0.06
2015-04-24,2456.4,2456.4,2450.6,2450.6,-0.87
2015-04-27,2454.4,2454.4,2454.4,2454.4,0.16
2015-04-28,2446.0,2453.4,2446.0,2453.4,-0.04
2015-04-29,2445.9,2453.6,2445.9,2453.6,0.01
2015-04-30,2426.8,2452.2,2426.8,2452.2,-0.06
2015-05-01,2447.9,2447.9,2445.8,2445.8,-0.26
2015-05-04,2452.8,2452.8,2451.9,2451.9,0.25
2015-05-05,2450.7,2451.2,2450.7,2451.2,-0.03
2015-05-06,2439.1,2485.1,2439.1,2485.1,1.38
2015-05-07,2461.8,2487.7,2461.8,2487.7,0.1
2015-05-08,2505.5,2505.5,2480.3,2480.3,-0.3
2015-05-11,2484.5,2489.9,2484.5,2489.9,0.39
2015-05-12,2493.4,2495.3,2493.4,2495.3,0.22
2015-05-13,2502.0,2502.0,2489.3,2489.3,-0.24
2015-05-14,2462.8,2492.3,2462.8,2492.3,0.12
2015-05-15,2495.5,2495.5,2491.1,2491.1,-0.05
2015-05-18,2474.0,2498.0,2472.7,2498.0,0.28
2015-05-19,2517.2,2517.2,2497.2,2497.2,-0.03
2015-05-20,2511.9,2511.9,2495.6,2495.6,-0.06
2015-05-21,2495.5,2499.4,2495.5,2499.4,0.15
2015-05-22,2511.2,2511.2,2496.5,2496.5,-0.12
2015-05-25,2540.0,2540.0,2490.3,2490.3,-0.25
2015-05-26,2492.4,2499.0,2492.4,2499.0,0.35
2015-05-27,2506.2,2506.2,2498.6,2498.6,-0.02
2015-05-28,2496.5,2499.6,2496.5,2499.6,0.04
2015-05-29,2491.8,2501.9,2491.8,2501.9,0.09
2015-06-01,2503.2,2504.9,2497.9,2497.9,-0.16
2015-06-02,2497.4,2502.6,2497.4,2502.6,0.19
2015-06-03,2477.3,2505.7,2477.3,2505.7,0.12
2015-06-04,2474.2,2499.9,2474.2,2499.9,-0.23
2015-06-05,2529.8,2529.8,2497.5,2497.5,-0.1
2015-06-08,2525.3,2527.9,2508.8,2508.8,0.45
2015-06-09,2478.1,2509.3,2478.1,2509.3,0.02
2015-06-10,2504.9,2508.5,2504.9,2508.5,-0.03
2015-06-11,2505.6,2509.3,2503.7,2509.3,0.03
2015-06-12,2513.8,2513.8,2507.8,2507.8,-0.06
2015-06-15,2499.3,2515.7,2499.3,2515.7,0.32
2015-06-16,2503.0,2516.5,2503.0,2516.5,0.03
2015-06-17,2520.9,2520.9,2506.6,2506.6,-0.39
2015-06-18,2484.4,2507.6,2484.4,2507.6,0.04
2015-06-19,2514.7,2514.7,2501.3,2501.3,-0.25
2015-06-22,2498.7,2518.3,2498.7,2515.1,0.55
2015-06-23,2519.3,2519.5,2519.3,2519.5,0.17
2015-06-24,2528.0,2528.0,2519.2,2519.2,-0.01
2015-06-25,2518.0,2518.7,2518.0,2518.7,-0.02
2015-06-26,2517.5,2525.0,2517.5,2525.0,0.25
2015-06-29,2574.8,2574.8,2525.6,2525.6,0.02
2015-06-30,2504.1,2524.9,2504.1,2524.9,-0.03
2015-07-01,2534.6,2534.6,2524.8,2524.8,0.0
2015-07-02,2541.2,2541.2,2519.9,2519.9,-0.19
2015-07-03,2529.7,2529.7,2529.7,2529.7,0.39
2015-07-06,2549.5,2549.5,2528.6,2528.6,-0.04
2015-07-07,2525.3,2533.6,2525.3,2533.6,0.2
2015-07-08,2524.4,2530.2,2524.4,2530.2,-0.13
2015-07-09,2518.0,2529.3,2516.9,2529.3,-0.04
2015-07-10,2526.1,2526.1,2524.7,2524.7,-0.18
2015-07-13,2541.6,2541.6,2522.5,2522.5,-0.09
2015-07-14,2543.7,2543.7,2531.6,2531.6,0.36
2015-07-15,2538.3,2538.3,2533.2,2533.2,0.06
2015-07-16,2551.9,2551.9,2535.0,2535.0,0.07
2015-07-17,2537.2,2537.2,2532.4,2532.4,-0.1
2015-07-20,2545.3,2545.3,2538.0,2538.0,0.22
2015-07-21,2538.9,2538.9,2527.7,2527.7,-0.41
2015-07-22,2509.8,2542.1,2509.8,2542.1,0.57
2015-07-23,2541.7,2541.7,2538.0,2538.0,-0.16
2015-07-24,2539.4,2540.1,2539.4,2540.1,0.08
2015-07-27,2534.2,2540.1,2534.2,2540.1,0.0
2015-07-28,2536.9,2540.7,2536.9,2540.7,0.02
2015-07-29,2533.2,2545.2,2533.2,2545.2,0.18
2015-07-30,2559.7,2559.7,2542.6,2542.6,-0.1
2015-07-31,2547.3,2547.6,2547.3,2547.6,0.2
2015-08-03,2546.7,2548.8,2546.7,2548.5,0.04
2015-08-04,2551.0,2551.0,2548.9,2548.9,0.02
2015-08-05,2572.1,2572.1,2541.4,2541.4,-0.29
2015-08-06,2542.7,2551.3,2542.7,2551.3,0.39
2015-08-07,2546.7,2549.5,2546.7,2549.5,-0.07
2015-08-10,2544.0,2547.6,2541.5,2547.6,-0.07
2015-08-11,2528.2,2543.5,2528.2,2543.5,-0.16
2015-08-12,2541.4,2552.6,2541.4,2552.6,0.36
2015-08-13,2551.0,2551.0,2550.4,2550.4,-0.09
2015-08-14,2541.9,2562.1,2541.9,2562.1,0.46
2015-08-17,2566.6,2566.6,2559.6,2559.6,-0.1
2015-08-18,2561.3,2561.3,2561.3,2561.3,0.07
2015-08-19,2569.0,2569.0,2542.3,2542.3,-0.74
2015-08-20,2563.3,2563.3,2563.3,2563.3,0.83
2015-08-21,2548.5,2562.2,2548.5,2562.2,-0.04
2015-08-24,2542.0,2563.8,2531.4,2563.8,0.06
2015-08-25,2546.1,2564.9,2546.1,2564.9,0.04
2015-08-26,2554.1,2562.0,2554.1,2562.0,-0.11
2015-08-27,2580.8,2580.8,2562.3,2562.3,0.01
2015-08-28,2571.7,2571.7,2562.1,2562.1,-0.01
2015-08-31,2577.4,2577.4,2561.2,2561.2,-0.04
2015-09-01,2557.2,2560.5,2557.2,2560.5,-0.03
2015-09-02,2571.6,2571.6,2571.6,2571.6,0.43
2015-09-03,2580.5,2596.8,2574.8,2596.8,0.98
2015-09-04,2573.5,2573.5,2573.5,2573.5,-0.9
2015-09-07,2570.9,2574.3,2570.9,2574.3,0.03
2015-09-08,2573.5,2573.5,2567.3,2567.3,-0.27
2015-09-09,2557.1,2573.0,2557.1,2573.0,0.22
2015-09-10,2556.9,2575.5,2556.9,2575.5,0.1
2015-09-11,2553.5,2574.8,2553.5,2574.8,-0.03
2015-09-14,2556.8,2581.1,2551.8,2581.1,0.24
2015-09-15,2582.7,2583.1,2582.7,2583.1,0.08
2015-09-16,2591.3,2591.3,2585.9,2585.9,0.11
2015-09-17,2567.6,2578.9,2567.6,2578.9,-0.27
2015-09-18,2555.7,2578.5,2555.7,2578.5,-0.02
2015-09-21,2608.8,2608.8,2585.1,2585.1,0.26
2015-09-22,2606.2,2606.2,2582.7,2582.7,-0.09
2015-09-23,2592.5,2592.5,2588.9,2588.9,0.24
2015-09-24,2582.9,2587.8,2582.9,2587.8,-0.04
2015-09-25,2601.0,2601.0,2590.1,2590.1,0.09
2015-09-28,2582.7,2590.2,2582.7,2590.2,0.0
2015-09-29,2574.7,2584.5,2568.7,2584.5,-0.22
2015-09-30,2578.4,2587.2,2578.4,2587.2,0.1
2015-10-01,2598.7,2598.7,2584.9,2584.9,-0.09
2015-10-02,2575.7,2588.8,2575.7,2588.8,0.15
2015-10-05,2574.6,2603.3,2574.6,2603.3,0.56
2015-10-06,2615.5,2615.5,2599.9,2599.9,-0.13
2015-10-07,2607.7,2607.7,2607.7,2607.7,0.3
2015-10-08,2611.6,2611.6,2608.1,2608.1,0.02
2015-10-09,2610.0,2610.0,2601.9,2601.9,-0.24
2015-10-12,2617.6,2617.6,2617.6,2617.6,0.6
2015-10-13,2621.4,2621.4,2599.7,2599.7,-0.68
2015-10-14,2597.7,2617.9,2597.7,2617.9,0.7
2015-10-15,2603.1,2613.4,2603.1,2613.4,-0.17
2015-10-16,2630.9,2630.9,2609.7,2609.7,-0.14
2015-10-19,2606.6,2631.6,2606.6,2631.6,0.84
2015-10-20,2631.4,2631.4,2602.9,2602.9,-1.09
2015-10-21,2608.5,2637.6,2608.5,2637.6,1.33
2015-10-22,2639.6,2689.5,2632.0,2689.5,1.97
2015-10-23,2634.4,2634.4,2634.4,2634.4,-2.05
2015-10-26,2646.9,2646.9,2632.8,2632.8,-0.06
2015-10-27,2624.6,2647.5,2624.6,2647.5,0.56
2015-10-28,2654.3,2654.3,2634.8,2634.8,-0.48
2015-10-29,2669.9,2670.3,2645.1,2645.1,0.39
2015-10-30,2638.4,2642.2,2638.4,2642.2,-0.11
2015-11-02,2640.6,2643.3,2640.6,2643.3,0.04
2015-11-03,2644.0,2659.8,2643.7,2659.8,0.62
2015-11-04,2664.2,2664.2,2659.1,2659.1,-0.03
2015-11-05,2677.0,2682.3,2661.7,2661.7,0.1
2015-11-06,2657.5,2659.1,2657.5,2659.1,-0.1
2015-11-09,2690.9,2690.9,2673.1,2681.2,0.83
2015-11-10,2679.3,2679.3,2677.1,2677.1,-0.15
2015-11-11,2675.6,2677.4,2669.7,2669.7,-0.28
2015-11-12,2666.0,2671.1,2648.3,2648.3,-0.8
2015-11-13,2650.1,2672.8,2650.1,2672.8,0.93
2015-11-16,2689.0,2689.2,2689.0,2689.2,0.61
2015-11-17,2701.6,2701.6,2662.3,2666.5,-0.84
2015-11-18,2668.4,2668.4,2660.2,2660.2,-0.24
2015-11-19,2657.0,2660.4,2657.0,2660.4,0.01
2015-11-20,2659.6,2670.5,2659.6,2670.5,0.38
2015-11-23,2673.2,2673.2,2664.3,2664.3,-0.23
2015-11-24,2665.0,2671.5,2665.0,2671.5,0.27
2015-11-25,2670.3,2701.3,2670.3,2694.9,0.88
2015-11-26,2695.3,2704.0,2695.3,2704.0,0.34
2015-11-27,2705.0,2705.0,2698.6,2698.6,-0.2
2015-11-30,2701.9,2717.0,2700.6,2717.0,0.68
2015-12-01,2719.3,2720.0,2712.6,2712.6,-0.16
2015-12-02,2713.2,2713.2,2684.2,2684.2,-1.05
2015-12-03,2684.7,2692.5,2598.6,2598.6,-3.19
2015-12-04,2598.4,2699.3,2598.4,2699.3,3.88
2015-12-07,2702.4,2702.4,2691.1,2691.1,-0.3
2015-12-08,2691.4,2691.4,2681.5,2681.5,-0.36
2015-12-09,2684.8,2690.3,2665.8,2665.8,-0.59
2015-12-10,2667.1,2682.7,2667.1,2682.7,0.63
2015-12-11,2688.1,2710.8,2688.1,2702.6,0.74
2015-12-14,2705.6,2705.6,2695.6,2695.6,-0.26
2015-12-15,2696.5,2718.6,2696.5,2718.6,0.85
2015-12-16,2716.7,2716.7,2700.5,2702.0,-0.61
2015-12-17,2711.5,2711.5,2693.1,2697.1,-0.18
2015-12-18,2694.7,2721.3,2694.7,2714.7,0.65
2015-12-21,2712.7,2717.3,2705.6,2705.6,-0.34
2015-12-22,2707.3,2718.6,2707.3,2715.1,0.35
2015-12-23,2716.1,2728.9,2716.1,2728.9,0.51
2015-12-24,2726.4,2726.4,2716.7,2716.7,-0.45
2015-12-25,2716.8,2716.8,2713.6,2713.6,-0.11
2015-12-28,2715.0,2726.0,2715.0,2726.0,0.46
2015-12-29,2722.9,2734.9,2722.9,2734.9,0.33
2015-12-30,2733.7,2733.7,2722.1,2722.5,-0.45
2015-12-31,2719.9,2729.2,2719.9,2729.2,0.25
2016-01-01,2729.2,2729.2,2728.1,2728.6,-0.02
2016-01-04,2732.1,2743.0,2720.5,2743.0,0.53
2016-01-05,2742.3,2744.7,2740.7,2744.7,0.06
2016-01-06,2745.4,2745.4,2732.5,2732.5,-0.44
2016-01-07,2732.7,2739.7,2723.3,2723.3,-0.34
2016-01-08,2724.8,2779.6,2724.8,2765.5,1.55
2016-01-11,2763.1,2787.6,2763.1,2787.6,0.8
2016-01-12,2791.1,2791.1,2777.3,2777.3,-0.37
2016-01-13,2782.0,2782.0,2730.6,2730.6,-1.68
2016-01-14,2726.1,2781.5,2726.1,2781.5,1.86
2016-01-15,2795.9,2795.9,2776.1,2776.1,-0.19
2016-01-18,2774.8,2815.0,2774.8,2778.8,0.1
2016-01-19,2780.2,2811.0,2761.3,2761.3,-0.63
2016-01-20,2757.1,2806.0,2757.1,2777.7,0.59
2016-01-21,2781.8,2810.0,2771.7,2779.5,0.06
2016-01-22,2786.0,2807.0,2785.8,2793.3,0.5
2016-01-25,2793.5,2805.0,2776.9,2776.9,-0.59
2016-01-26,2777.4,2815.0,2772.0,2772.0,-0.18
2016-01-27,2774.7,2815.0,2774.7,2778.6,0.24
2016-01-28,2779.5,2825.0,2779.5,2821.0,1.53
2016-01-29,2795.1,2825.0,2777.1,2800.3,-0.73
2016-02-01,2798.5,2821.0,2771.4,2771.4,-1.03
2016-02-02,2770.8,2831.0,2770.8,2776.1,0.17
2016-02-03,2773.1,2831.0,2735.3,2735.3,-1.47
2016-02-04,2727.3,2831.0,2727.3,2831.0,3.5
2016-02-05,2797.5,2815.0,2797.5,2815.0,-0.57
2016-02-08,2816.2,2825.0,2801.1,2820.0,0.18
2016-02-09,2779.6,2835.0,2779.6,2780.1,-1.41
2016-02-10,2778.8,2831.0,2778.8,2825.0,1.62
2016-02-11,2779.4,2830.0,2779.4,2830.0,0.18
2016-02-12,2813.1,2825.0,2803.9,2809.4,-0.73
2016-02-15,2814.6,2814.6,2791.0,2791.0,-0.65
2016-02-16,2797.4,2830.0,2787.9,2830.0,1.4
2016-02-17,2795.1,2836.0,2795.1,2820.5,-0.34
2016-02-18,2817.5,2836.0,2812.7,2812.7,-0.28
2016-02-19,2811.1,2836.0,2809.4,2809.4,-0.12
2016-02-22,2815.6,2841.0,2813.3,2817.9,0.3
2016-02-23,2816.1,2841.0,2813.0,2841.0,0.82
2016-02-24,2806.9,2845.0,2800.9,2800.9,-1.41
2016-02-25,2801.4,2836.0,2801.4,2817.2,0.58
2016-02-26,2830.0,2839.2,2809.3,2839.2,0.78
2016-02-29,2840.3,2840.3,2811.2,2814.0,-0.89
2016-03-01,2835.0,2836.0,2815.0,2816.9,0.1
2016-03-02,2815.5,2836.0,2812.9,2836.0,0.68
2016-03-03,2808.5,2846.0,2794.0,2794.0,-1.48
2016-03-04,2794.5,2846.0,2794.5,2807.3,0.48
2016-03-07,2809.9,2809.9,2809.4,2809.4,0.07
2016-03-08,2793.5,2826.8,2793.5,2826.8,0.62
2016-03-09,2830.0,2830.0,2823.1,2823.1,-0.13
2016-03-10,2820.2,2822.0,2820.2,2822.0,-0.04
2016-03-11,2768.9,2824.4,2768.9,2815.8,-0.22
2016-03-14,2814.6,2845.0,2814.6,2827.6,0.42
2016-03-15,2845.0,2850.0,2821.7,2850.0,0.79
2016-03-16,2845.0,2846.0,2793.1,2793.1,-2.0
2016-03-17,2792.2,2846.0,2792.2,2826.6,1.2
2016-03-18,2823.4,2823.4,2823.4,2823.4,-0.11
2016-03-21,2821.7,2846.0,2821.7,2843.0,0.69
2016-03-22,2832.6,2846.0,2824.5,2845.0,0.07
2016-03-23,2827.4,2845.0,2823.5,2845.0,0.0
2016-03-24,2824.1,2845.0,2821.2,2845.0,0.0
2016-03-25,2820.3,2855.0,2820.0,2855.0,0.35
2016-03-28,2822.4,2846.0,2820.7,2845.0,-0.35
2016-03-29,2812.4,2846.0,2811.3,2840.0,-0.18
2016-03-30,2813.9,2846.0,2809.3,2809.3,-1.08
2016-03-31,2818.4,2851.0,2818.4,2851.0,1.48
2016-04-01,2819.2,2861.0,2819.2,2860.0,0.32
2016-04-04,2844.8,2861.0,2841.4,2861.0,0.03
2016-04-05,2835.3,2861.0,2835.3,2860.0,-0.03
2016-04-06,2833.8,2865.0,2827.5,2827.5,-1.14
2016-04-07,2829.2,2861.0,2829.2,2834.7,0.25
2016-04-08,2852.4,2872.0,2852.4,2872.0,1.32
2016-04-11,2842.6,2875.0,2841.1,2870.0,-0.07
2016-04-12,2849.2,2861.0,2849.2,2860.0,-0.35
2016-04-13,2858.8,2858.8,2856.0,2856.0,-0.14
2016-04-14,2864.6,2879.0,2857.0,2877.0,0.74
2016-04-15,2860.1,2880.0,2856.8,2880.0,0.1
2016-04-18,2854.3,2878.0,2853.3,2875.0,-0.17
2016-04-19,2858.0,2879.0,2854.5,2875.0,0.0
2016-04-20,2847.7,2878.0,2847.7,2878.0,0.1
2016-04-21,2868.7,2878.0,2856.2,2861.1,-0.59
2016-04-22,2857.1,2878.0,2857.1,2870.0,0.31
2016-04-25,2868.4,2878.0,2855.2,2875.0,0.17
2016-04-26,2853.0,2883.0,2853.0,2883.0,0.28
2016-04-27,2858.4,2881.0,2858.4,2864.8,-0.63
2016-04-28,2869.3,2889.0,2869.3,2880.0,0.53
2016-04-29,2866.4,2889.0,2866.4,2888.0,0.28
2016-05-02,2851.5,2867.7,2851.5,2867.7,-0.7
2016-05-03,2855.6,2885.3,2855.6,2885.3,0.61
2016-05-04,2862.2,2883.0,2862.2,2883.0,-0.08
2016-05-05,2863.9,2885.0,2862.1,2867.1,-0.55
2016-05-06,2868.6,2883.0,2866.8,2883.0,0.55
2016-05-09,2877.2,2885.0,2867.3,2885.0,0.07
2016-05-10,2868.0,2890.0,2865.8,2890.0,0.17
2016-05-11,2864.5,2900.0,2864.5,2900.0,0.35
2016-05-12,2858.0,2905.0,2858.0,2900.0,0.0
2016-05-13,2868.6,2905.0,2861.0,2905.0,0.17
2016-05-16,2869.3,2869.3,2859.0,2861.1,-1.51
2016-05-17,2861.2,2905.0,2861.2,2865.0,0.14
2016-05-18,2863.0,2905.0,2856.5,2900.0,1.22
2016-05-19,2871.8,2904.0,2855.4,2904.0,0.14
2016-05-20,2856.2,2904.0,2854.0,2900.0,-0.14
2016-05-23,2851.7,2909.0,2850.8,2909.0,0.31
2016-05-24,2849.0,2915.0,2849.0,2915.0,0.21
2016-05-25,2893.0,2915.0,2881.6,2911.0,-0.14
2016-05-26,2878.0,2940.5,2878.0,2909.0,-0.07
2016-05-27,2936.3,2938.3,2909.0,2909.0,0.0
2016-05-30,2957.1,2957.1,2892.8,2892.8,-0.56
2016-05-31,2890.6,2932.2,2890.6,2914.0,0.73
2016-06-01,2938.0,2938.0,2914.0,2931.0,0.58
2016-06-02,2920.2,2934.5,2914.0,2934.5,0.12
2016-06-03,2934.1,2934.1,2913.2,2925.0,-0.32
2016-06-06,2859.7,2915.0,2859.7,2915.0,-0.34
2016-06-07,2904.6,2920.0,2904.6,2920.0,0.17
2016-06-08,2909.8,2920.0,2908.0,2917.0,-0.1
2016-06-09,2901.2,2919.0,2901.2,2919.0,0.07
2016-06-10,2915.6,2921.0,2904.2,2920.0,0.03
2016-06-13,2919.0,2920.0,2323.0,2326.0,-20.34
2016-06-14,2326.0,2930.0,2326.0,2930.0,25.97
2016-06-15,2905.9,2930.0,2891.7,2891.7,-1.31
2016-06-16,2891.3,2925.0,2891.3,2920.0,0.98
2016-06-17,2890.8,2925.0,2890.8,2925.0,0.17
2016-06-20,2908.1,2930.0,2908.1,2911.0,-0.48
2016-06-21,2909.2,2931.1,2909.2,2931.1,0.69
2016-06-22,2932.4,2935.0,2895.1,2895.1,-1.23
2016-06-23,2901.3,2928.0,2901.3,2908.0,0.45
2016-06-24,2923.1,2928.0,2880.8,2880.8,-0.94
2016-06-27,2902.7,2928.0,2900.3,2925.0,1.53
2016-06-28,2898.1,2935.0,2897.7,2904.6,-0.7
2016-06-29,2902.3,2935.0,2902.3,2935.0,1.05
2016-06-30,2904.8,2935.0,2904.8,2922.1,-0.44
2016-07-01,2921.7,2935.0,2903.6,2904.4,-0.61
2016-07-04,2906.7,2906.7,2896.1,2896.1,-0.29
2016-07-05,2898.9,2933.0,2898.9,2925.5,1.02
2016-07-06,2926.3,2941.0,2900.4,2940.0,0.5
2016-07-07,2894.9,2940.0,2894.9,2922.2,-0.61
2016-07-08,2920.5,2945.0,2914.4,2919.1,-0.11
2016-07-11,2920.6,2945.0,2909.9,2909.9,-0.32
2016-07-12,2911.5,2945.0,2911.5,2919.7,0.34
2016-07-13,2920.9,2945.0,2919.9,2919.9,0.01
2016-07-14,2919.4,2940.0,2918.0,2918.0,-0.07
2016-07-15,2919.7,2951.6,2919.7,2951.6,1.15
2016-07-18,2944.7,2944.7,2916.1,2916.1,-1.2
2016-07-19,2918.5,2942.1,2918.5,2942.1,0.89
2016-07-20,2943.9,2950.0,2929.8,2929.8,-0.42
2016-07-21,2928.8,2950.0,2918.9,2918.9,-0.37
2016-07-22,2917.6,2955.0,2917.6,2932.0,0.45
2016-07-25,2933.2,2955.0,2926.8,2926.8,-0.18
2016-07-26,2928.5,2960.0,2926.4,2929.2,0.08
2016-07-27,2929.2,2955.0,2907.1,2907.1,-0.75
2016-07-28,2903.0,2960.0,2903.0,2923.1,0.55
2016-07-29,2922.4,2961.0,2918.2,2955.0,1.09
2016-08-01,2903.3,2955.0,2903.3,2955.0,0.0
2016-08-02,2918.1,2955.0,2918.1,2926.7,-0.96
2016-08-03,2950.0,2965.0,2937.8,2951.7,0.85
2016-08-04,2952.0,2963.0,2935.8,2950.0,-0.06
2016-08-05,2934.9,2954.0,2934.9,2947.0,-0.1
2016-08-08,2947.4,2966.0,2936.9,2936.9,-0.34
2016-08-09,2936.8,2965.0,2670.0,2675.0,-8.92
2016-08-10,2919.6,2927.2,2674.0,2926.4,9.4
2016-08-11,2924.6,2944.3,2924.6,2944.3,0.61
2016-08-12,2944.3,2965.0,2943.9,2943.9,-0.01
2016-08-15,2943.8,2975.0,2943.8,2975.0,1.06
2016-08-16,2942.8,2975.0,2942.8,2948.6,-0.89
2016-08-17,2948.4,2971.0,2948.4,2970.0,0.73
2016-08-18,2943.5,2970.0,2943.5,2944.5,-0.86
2016-08-19,2949.9,2979.0,2949.9,2979.0,1.17
2016-08-22,2957.5,2985.0,2941.6,2941.6,-1.26
2016-08-23,2943.4,2985.0,2943.4,2961.0,0.66
2016-08-24,2961.8,2981.0,2956.7,2959.9,-0.04
2016-08-25,2960.7,2984.0,2954.7,2955.8,-0.14
2016-08-26,2954.3,2980.0,2951.2,2976.6,0.7
2016-08-29,2976.3,2976.3,2955.9,2955.9,-0.7
2016-08-30,2956.1,2968.4,2956.1,2966.8,0.37
2016-08-31,2959.5,2959.5,2954.8,2954.8,-0.4
2016-09-01,2954.6,2959.2,2946.2,2946.2,-0.29
2016-09-02,2946.5,2966.3,2946.5,2966.3,0.68
2016-09-05,2965.3,2984.0,2964.6,2967.3,0.03
2016-09-06,2967.0,2985.0,2934.8,2934.8,-1.1
2016-09-07,2935.7,2985.0,2935.7,2956.4,0.74
2016-09-08,2955.9,2991.0,2951.8,2958.1,0.06
2016-09-09,2957.8,2991.0,2947.9,2956.7,-0.05
2016-09-12,2948.5,2990.0,2945.0,2945.0,-0.4
2016-09-13,2944.6,2995.0,2944.5,2947.8,0.1
2016-09-14,2947.6,2996.0,2935.9,2935.9,-0.4
2016-09-15,2936.2,2996.0,2936.2,2938.6,0.09
2016-09-16,2937.6,2995.0,2937.6,2956.7,0.62
2016-09-19,2956.7,3000.0,2933.9,3000.0,1.46
2016-09-20,2934.5,3001.0,2934.5,2980.8,-0.64
2016-09-21,2981.0,3005.0,2947.0,2947.0,-1.13
2016-09-22,3006.0,3006.0,2954.1,2960.7,0.46
2016-09-23,2960.9,3005.0,2951.2,2951.2,-0.32
2016-09-26,2947.5,3011.0,2947.5,2948.6,-0.09
2016-09-27,2949.4,3010.0,2949.4,2957.4,0.3
2016-09-28,2958.0,3010.0,2958.0,2978.6,0.72
2016-09-29,2976.8,3010.0,2974.6,2977.9,-0.02
2016-09-30,2977.6,3011.0,2958.4,2958.4,-0.65
2016-10-03,2960.7,3028.0,2960.7,3004.8,1.57
2016-10-04,3005.1,3029.0,3005.1,3008.6,0.13
2016-10-05,3007.8,3029.0,3004.3,3022.1,0.45
2016-10-06,3022.4,3028.0,3016.8,3027.4,0.18
2016-10-07,3029.3,3029.3,2997.5,2997.5,-0.99
2016-10-10,2999.1,3022.9,2999.1,3022.9,0.85
2016-10-11,3023.3,3046.0,3017.5,3026.2,0.11
2016-10-12,3024.4,3046.0,3016.8,3045.0,0.62
2016-10-13,3020.3,3046.0,3010.9,3010.9,-1.12
2016-10-14,3013.0,3046.0,3011.5,3024.3,0.45
2016-10-17,3025.8,3066.0,3025.8,3030.7,0.21
2016-10-18,3027.6,3066.0,3027.6,3046.8,0.53
2016-10-19,3047.3,3065.0,3040.2,3041.6,-0.17
2016-10-20,3041.1,3066.0,3037.4,3066.0,0.8
2016-10-21,3050.8,3066.0,3038.0,3039.5,-0.86
2016-10-24,3040.9,3041.9,3037.9,3041.9,0.08
2016-10-25,3043.6,3051.3,3043.6,3049.4,0.25
2016-10-26,3049.8,3055.5,3049.8,3055.5,0.2
2016-10-27,3054.9,3058.3,3050.1,3058.3,0.09
2016-10-28,3058.7,3058.7,3030.0,3030.0,-0.93
2016-10-31,3034.0,3101.0,3034.0,3064.3,1.13
2016-11-01,3065.4,3101.0,3061.9,3061.9,-0.08
2016-11-02,3063.3,3105.0,3063.3,3071.3,0.31
2016-11-03,3070.4,3105.0,3059.0,3059.0,-0.4
2016-11-04,3061.0,3101.0,3061.0,3063.0,0.13
2016-11-07,3075.3,3120.0,3075.3,3093.4,0.99
2016-11-08,3095.3,3121.0,3071.8,3078.7,-0.48
2016-11-09,3084.5,3121.0,3072.2,3112.1,1.08
2016-11-10,3109.8,3121.0,3083.4,3086.5,-0.82
2016-11-11,3086.2,3092.7,3086.2,3092.7,0.2
2016-11-14,3106.7,3135.0,3106.7,3119.6,0.87
2016-11-15,3113.0,3136.0,3088.6,3100.0,-0.63
2016-11-16,3095.4,3138.0,3083.7,3083.7,-0.53
2016-11-17,3082.5,3136.0,3082.5,3134.7,1.65
2016-11-18,3137.6,3137.6,3098.3,3108.4,-0.84
2016-11-21,3105.9,3155.0,3105.9,3124.5,0.52
2016-11-22,3123.1,3155.0,3123.1,3125.6,0.04
2016-11-23,3126.6,3157.0,3126.6,3147.8,0.71
2016-11-24,3151.0,3151.0,3121.7,3126.7,-0.67
2016-11-25,3127.0,3156.0,3119.6,3119.6,-0.23
2016-11-28,3109.7,3175.0,3102.9,3119.7,0.0
2016-11-29,3120.5,3175.0,3102.4,3102.7,-0.54
2016-11-30,3103.0,3175.0,3103.0,3170.0,2.17
2016-12-01,3132.7,3175.0,3107.1,3107.1,-1.98
2016-12-02,3106.9,3175.0,3106.9,3112.2,0.16
2016-12-05,3140.2,3185.0,3098.3,3098.3,-0.45
2016-12-06,3100.5,3187.0,3100.5,3122.6,0.78
2016-12-07,3124.0,3180.0,3124.0,3135.1,0.4
2016-12-08,3135.5,3193.1,3135.5,3193.1,1.85
2016-12-09,3191.9,3191.9,3143.9,3146.9,-1.45
2016-12-12,3153.3,3205.0,3144.7,3162.1,0.48
2016-12-13,3160.9,3205.0,3160.9,3165.7,0.11
2016-12-14,3165.1,3202.1,3165.1,3202.1,1.15
2016-12-15,3216.2,3216.2,3164.9,3168.2,-1.06
2016-12-16,3165.8,3201.0,3159.3,3201.0,1.04
2016-12-19,3158.8,3217.0,3155.7,3192.8,-0.26
2016-12-20,3191.6,3217.0,3175.4,3175.4,-0.54
2016-12-21,3175.5,3215.0,3164.1,3165.0,-0.33
2016-12-22,3162.4,3217.0,3162.4,3174.6,0.3
2016-12-23,3175.1,3216.0,3171.7,3171.7,-0.09
2016-12-26,3171.1,3171.1,3169.9,3169.9,-0.06
2016-12-27,3173.6,3173.6,3169.0,3169.0,-0.03
2016-12-28,3167.1,3172.8,3167.1,3172.3,0.1
2016-12-29,3168.8,3220.0,3160.6,3160.6,-0.37
2016-12-30,3142.6,3182.6,3142.6,3182.6,0.7
2017-01-02,3182.6,3182.6,3169.7,3171.6,-0.35
2017-01-03,3172.8,3172.8,3162.9,3162.9,-0.27
2017-01-04,3165.7,3168.2,3149.6,3149.6,-0.42
2017-01-05,3135.7,3168.5,3135.7,3137.9,-0.37
2017-01-06,3142.4,3236.0,3142.4,3183.1,1.44
2017-01-09,3182.5,3182.5,3148.8,3148.8,-1.08
2017-01-10,3147.0,3217.1,3147.0,3217.1,2.17
2017-01-11,3216.5,3216.5,3193.3,3193.3,-0.74
2017-01-12,3192.7,3240.0,3192.7,3220.5,0.85
2017-01-13,3222.3,3240.0,3203.9,3205.2,-0.48
2017-01-16,3209.2,3250.0,3209.2,3215.1,0.31
2017-01-17,3214.3,3250.0,3214.3,3250.0,1.09
2017-01-18,3217.4,3250.0,3217.4,3245.0,-0.15
2017-01-19,3235.8,3250.0,3222.7,3223.0,-0.68
2017-01-20,3224.6,3250.0,3204.0,3204.0,-0.59
2017-01-23,3194.6,3265.0,3187.8,3221.4,0.54
2017-01-24,3223.7,3261.0,3223.7,3250.0,0.89
2017-01-25,3241.1,3260.0,3238.3,3238.5,-0.35
2017-01-26,3234.2,3265.0,3234.2,3247.9,0.29
2017-01-27,3246.8,3265.0,3228.1,3228.1,-0.61
2017-01-30,3220.3,3260.0,3200.0,3215.8,-0.38
2017-01-31,3216.4,3221.8,3200.0,3209.6,-0.19
2017-02-01,3209.1,3280.0,3205.0,3230.6,0.65
2017-02-02,3225.4,3280.0,3214.6,3277.0,1.44
2017-02-03,3227.5,3280.0,3193.8,3193.8,-2.54
2017-02-06,3194.6,3290.0,3194.6,3264.0,2.2
2017-02-07,3264.0,3290.0,3258.6,3258.6,-0.17
2017-02-08,3260.2,3290.0,3242.9,3242.9,-0.48
2017-02-09,3245.4,3290.0,3245.4,3262.7,0.61
2017-02-10,3262.7,3295.0,3251.6,3251.6,-0.34
2017-02-13,3257.7,3305.0,3255.6,3291.1,1.21
2017-02-14,3289.3,3305.0,3276.6,3292.6,0.05
2017-02-15,3295.1,3305.0,3264.8,3264.8,-0.84
2017-02-16,3257.2,3305.0,3257.2,3260.3,-0.14
2017-02-17,3261.2,3305.0,3261.2,3281.5,0.65
2017-02-20,3280.7,3280.7,3269.2,3273.8,-0.23
2017-02-21,3280.6,3346.0,3269.2,3269.2,-0.14
2017-02-22,3266.4,3355.0,3266.4,3345.0,2.32
2017-02-23,3255.3,3355.0,3255.3,3350.0,0.15
2017-02-24,3265.3,3355.0,3265.3,3350.0,0.0
2017-02-27,3285.4,3401.0,3284.4,3401.0,1.52
2017-02-28,3318.0,3405.0,3310.2,3400.0,-0.03
2017-03-01,3307.5,3405.0,3307.5,3405.0,0.15
2017-03-02,3302.6,3405.0,3302.6,3307.1,-2.88
2017-03-03,3303.9,3405.0,3297.4,3405.0,2.96
2017-03-06,3275.9,3450.0,3275.9,3445.0,1.17
2017-03-07,3298.7,3298.7,3290.9,3293.0,-4.41
2017-03-08,3291.0,3451.0,3286.9,3292.6,-0.01
2017-03-09,3293.8,3455.0,3279.0,3279.0,-0.41
2017-03-10,3275.4,3450.0,3259.3,3259.3,-0.6
2017-03-13,3256.9,3505.0,3248.9,3505.0,7.54
2017-03-14,3423.4,3505.0,3423.4,3477.3,-0.79
2017-03-15,3475.5,3501.0,3468.3,3490.0,0.37
2017-03-16,3433.7,3501.0,3433.7,3450.4,-1.13
2017-03-17,3451.2,3495.0,3451.2,3466.3,0.46
2017-03-20,3462.4,3495.0,3454.6,3468.6,0.07
2017-03-21,3461.1,3505.0,3461.1,3463.7,-0.14
2017-03-22,3465.6,3540.0,3455.5,3455.5,-0.24
2017-03-23,3457.7,3545.0,3457.7,3458.3,0.08
2017-03-24,3463.3,3540.0,3463.3,3521.9,1.84
2017-03-27,3506.7,3600.0,3499.2,3600.0,2.22
2017-03-28,3519.2,3601.0,3518.6,3601.0,0.03
2017-03-29,3530.0,3600.0,3507.4,3595.0,-0.17
2017-03-30,3516.8,3613.9,3516.8,3613.9,0.53
2017-03-31,3610.9,3610.9,3560.0,3569.0,-1.24
2017-04-03,3564.4,3603.0,3562.5,3585.4,0.46
2017-04-04,3585.0,3595.0,3578.7,3578.7,-0.19
2017-04-05,3578.1,3610.0,3578.1,3587.7,0.25
2017-04-06,3586.8,3613.0,3585.8,3593.7,0.17
2017-04-07,3593.3,3613.0,3585.2,3613.0,0.54
2017-04-10,3600.7,3655.0,3600.7,3655.0,1.16
2017-04-11,3615.8,3615.8,3540.0,3540.0,-3.15
2017-04-12,3616.9,3650.0,3616.1,3645.0,2.97
2017-04-13,3593.8,3640.0,3593.8,3635.0,-0.27
2017-04-14,3623.9,3640.0,3623.9,3625.0,-0.28
2017-04-17,3625.8,3671.0,3613.5,3613.5,-0.32
2017-04-18,3614.4,3675.0,3612.0,3623.5,0.28
2017-04-19,3624.2,3675.0,3624.2,3670.0,1.28
2017-04-20,3649.3,3675.0,3646.8,3658.5,-0.31
2017-04-21,3659.7,3675.0,3638.8,3638.8,-0.54
2017-04-24,3589.6,3700.0,3589.6,3670.8,0.88
2017-04-25,3671.6,3701.0,3658.9,3701.0,0.82
2017-04-26,3658.6,3705.0,3658.6,3668.5,-0.88
2017-04-27,3667.5,3701.0,3667.5,3683.4,0.41
2017-04-28,3685.8,3705.0,3675.9,3687.3,0.11
2017-05-01,3683.9,3730.0,3683.9,3685.4,-0.05
2017-05-02,3683.0,3730.0,3683.0,3697.1,0.32
2017-05-03,3694.8,3730.0,3694.8,3711.5,0.39
2017-05-04,3710.6,3730.0,3684.8,3685.8,-0.69
2017-05-05,3686.0,3730.0,3686.0,3689.4,0.1
2017-05-08,3701.4,3730.0,3701.4,3712.3,0.62
2017-05-09,3710.7,3725.0,3701.1,3710.9,-0.04
2017-05-10,3706.4,3765.0,3703.3,3760.0,1.32
2017-05-11,3733.4,3761.0,3733.4,3736.9,-0.61
2017-05-12,3735.6,3765.0,3735.2,3760.0,0.62
2017-05-15,3717.2,3780.0,3717.2,3730.7,-0.78
2017-05-16,3729.7,3780.0,3729.7,3743.5,0.34
2017-05-17,3743.3,3775.0,3742.3,3742.3,-0.03
2017-05-18,3745.6,3790.0,3745.6,3774.1,0.85
2017-05-19,3770.3,3790.0,3738.9,3738.9,-0.93
2017-05-22,3740.3,3810.0,3740.3,3755.3,0.44
2017-05-23,3755.8,3808.9,3755.8,3808.9,1.43
2017-05-24,3809.8,3809.8,3779.7,3780.1,-0.76
2017-05-25,3775.8,3801.0,3775.8,3792.1,0.32
2017-05-26,3791.6,3805.0,3789.5,3802.8,0.28
2017-05-29,3805.0,3805.0,3788.2,3795.3,-0.2
2017-05-30,3807.2,3846.6,3800.0,3834.5,1.03
2017-05-31,3838.5,3838.5,3804.1,3805.4,-0.76
2017-06-01,3805.9,3820.0,3805.9,3820.0,0.38
2017-06-02,3819.8,3845.0,3793.4,3793.4,-0.7
2017-06-05,3795.1,3858.0,3795.1,3810.6,0.45
2017-06-06,3810.4,3868.0,3810.4,3832.5,0.57
2017-06-07,3835.0,3868.0,3825.4,3825.4,-0.19
2017-06-08,3826.3,3882.2,3826.3,3882.2,1.48
2017-06-09,3885.6,3885.6,3837.5,3837.5,-1.15
2017-06-12,3835.6,3901.0,3831.7,3901.0,1.65
2017-06-13,3849.4,3901.0,3849.4,3870.9,-0.77
2017-06-14,3871.0,3891.0,3871.0,3890.0,0.49
2017-06-15,3867.7,3895.0,3867.7,3895.0,0.13
2017-06-16,3872.8,3895.0,3867.0,3890.0,-0.13
2017-06-19,3856.7,3915.0,3856.7,3893.0,0.08
2017-06-20,3894.6,3915.0,3894.6,3905.3,0.32
2017-06-21,3904.3,3915.0,3890.0,3890.0,-0.39
2017-06-22,3890.3,3910.0,3890.3,3904.3,0.37
2017-06-23,3905.1,3915.0,3889.0,3889.0,-0.39
2017-06-26,3887.3,3915.0,3887.3,3897.3,0.21
2017-06-27,3897.7,3951.0,3897.7,3951.0,1.38
2017-06-28,3874.1,3948.0,3874.1,3888.5,-1.58
2017-06-29,3888.6,3948.0,3888.6,3916.3,0.71
2017-06-30,3916.6,3945.0,3916.6,3918.8,0.06
2017-07-03,3918.8,3975.0,3918.8,3932.4,0.35
2017-07-04,3929.1,3929.1,3927.5,3927.5,-0.12
2017-07-05,3923.8,3980.0,3916.1,3916.1,-0.29
2017-07-06,3917.6,3980.0,3917.6,3980.0,1.63
2017-07-07,3937.1,3980.0,3937.1,3975.0,-0.13
2017-07-10,3959.0,3984.0,3953.7,3953.7,-0.54
2017-07-11,3953.9,3985.0,3953.9,3959.3,0.14
2017-07-12,3956.2,3997.9,3956.2,3997.9,0.97
2017-07-13,3995.9,3995.9,3970.0,3979.4,-0.46
2017-07-14,3978.2,4005.0,3964.4,3964.4,-0.38
2017-07-17,3963.0,4032.0,3963.0,3978.1,0.35
2017-07-18,3979.3,4032.0,3979.3,4014.0,0.9
2017-07-19,4016.3,4031.0,4012.0,4014.5,0.01
2017-07-20,4011.2,4030.0,3967.7,3967.7,-1.17
2017-07-21,3969.4,4032.0,3969.4,4006.1,0.97
2017-07-24,4000.0,4070.0,4000.0,4015.8,0.24
2017-07-25,4015.6,4061.0,4009.8,4013.5,-0.06
2017-07-26,4014.4,4061.0,4011.6,4061.0,1.18
2017-07-27,3982.6,4060.0,3982.6,4020.5,-1.0
2017-07-28,4016.4,4038.8,4016.4,4025.7,0.13
2017-07-31,4026.4,4080.0,4026.4,4075.0,1.22
2017-08-01,4010.0,4090.0,4010.0,4042.8,-0.79
2017-08-02,4040.9,4091.0,4040.9,4060.5,0.44
2017-08-03,4062.6,4091.0,4056.2,4056.2,-0.11
2017-08-04,4053.4,4102.4,4053.4,4102.4,1.14
2017-08-07,4100.8,4106.0,4066.7,4069.7,-0.8
2017-08-08,4067.8,4120.0,4067.8,4089.9,0.5
2017-08-09,4088.9,4096.2,4088.9,4088.9,-0.02
2017-08-10,4087.2,4097.3,4080.3,4080.3,-0.21
2017-08-11,4080.0,4094.7,4074.9,4074.9,-0.13
2017-08-14,4073.5,4103.9,4073.5,4103.9,0.71
2017-08-15,4104.8,4128.9,4104.8,4128.9,0.61
2017-08-16,4128.2,4128.2,4099.8,4099.8,-0.7
2017-08-17,4099.2,4126.7,4099.2,4115.3,0.38
2017-08-18,4118.2,4124.0,4118.2,4120.4,0.12
2017-08-21,4121.5,4126.0,4104.9,4104.9,-0.38
2017-08-22,4106.3,4151.2,4106.3,4149.5,1.09
2017-08-23,4149.5,4165.0,4120.0,4165.0,0.37
2017-08-24,4140.8,4171.0,4140.8,4150.1,-0.36
2017-08-25,4150.1,4171.0,4150.1,4165.0,0.36
2017-08-28,4106.0,4167.0,4106.0,4139.2,-0.62
2017-08-29,4143.3,4176.8,4143.3,4155.0,0.38
2017-08-30,4175.6,4175.6,4150.0,4172.2,0.41
2017-08-31,4172.6,4172.6,4131.7,4131.7,-0.97
2017-09-01,4134.4,4191.0,4134.4,4169.4,0.91
2017-09-04,4162.1,4184.9,4162.1,4184.9,0.37
2017-09-05,4187.4,8075.8,4187.4,8060.5,92.61
2017-09-06,8052.6,8075.8,8052.6,8075.8,0.19
2017-09-07,8072.2,8080.0,8047.3,8047.3,-0.35
2017-09-08,8042.7,8094.1,8042.7,8094.1,0.58
2017-09-11,8106.3,8106.3,8067.8,8106.3,0.15
2017-09-12,8104.0,8104.0,8046.1,8046.1,-0.74
2017-09-13,8039.3,8128.9,8039.3,8128.9,1.03
2017-09-14,8128.5,8128.5,8052.1,8052.1,-0.94
2017-09-15,8049.5,8081.0,8049.5,8065.5,0.17
2017-09-18,8071.7,8080.0,8057.7,8065.6,0.0
2017-09-19,8061.2,8077.0,8043.3,8043.3,-0.28
2017-09-20,8045.3,8126.5,8045.3,8071.0,0.34
2017-09-21,8137.7,8137.7,8023.0,8071.0,0.0
2017-09-22,8019.2,8071.0,8019.2,8066.0,-0.06
2017-09-25,8080.4,8080.4,8046.5,8067.7,0.02
2017-09-26,8060.7,8065.1,8050.0,8050.0,-0.22
2017-09-27,8066.4,8066.4,8036.5,8036.5,-0.17
2017-09-28,8034.1,8055.0,8034.1,8034.3,-0.03
2017-09-29,8034.2,8088.1,8034.2,8088.1,0.67
2017-10-02,8042.9,8046.4,8039.0,8046.4,-0.52
2017-10-03,8045.7,8045.7,8031.3,8042.4,-0.05
2017-10-04,8036.4,8047.0,8033.6,8042.3,0.0
2017-10-05,8043.1,8053.0,8035.4,8053.0,0.13
2017-10-06,8051.6,8051.6,8015.4,8015.4,-0.47
2017-10-09,8007.0,8025.8,8007.0,8025.8,0.13
2017-10-10,8025.4,8050.0,8003.6,8003.6,-0.28
2017-10-11,8000.8,8033.3,8000.8,8006.3,0.03
2017-10-12,8003.3,8037.9,8003.3,8037.9,0.39
2017-10-13,8038.1,8042.8,8025.5,8026.3,-0.14
2017-10-16,8030.4,8032.3,8027.4,8032.3,0.07
2017-10-17,8034.3,8034.3,8024.5,8024.5,-0.1
2017-10-18,8021.8,8035.0,8001.7,8001.7,-0.28
2017-10-19,8000.5,8038.0,8000.5,8014.4,0.16
2017-10-20,8012.6,8041.0,8012.6,8037.5,0.29
2017-10-23,8057.8,8057.8,8025.9,8025.9,-0.14
2017-10-24,8021.9,8061.0,8021.9,8036.3,0.13
2017-10-25,8038.9,8061.0,8014.8,8014.8,-0.27
2017-10-26,8010.7,8150.5,8010.7,8150.5,1.69
2017-10-27,8161.0,8161.0,8048.5,8052.0,-1.21
2017-10-30,8053.4,8068.0,8029.7,8029.7,-0.28
2017-10-31,8029.4,8065.0,8029.4,8041.5,0.15
2017-11-01,8047.5,8062.7,8044.3,8062.7,0.26
2017-11-02,8050.7,8061.0,8039.3,8044.0,-0.23
2017-11-03,8044.9,8076.1,8044.9,8076.1,0.4
2017-11-06,8076.7,8082.6,8033.2,8033.2,-0.53
2017-11-07,8033.4,8050.0,8024.4,8024.4,-0.11
2017-11-08,8020.6,8055.0,8020.6,8039.5,0.19
2017-11-09,8043.6,8057.0,8036.9,8036.9,-0.03
2017-11-10,8029.0,8055.0,8020.0,8020.0,-0.21
2017-11-13,8031.5,8050.0,8027.6,8027.6,0.09
2017-11-14,8023.2,8050.0,7987.5,7987.5,-0.5
2017-11-15,7991.9,8088.1,7991.9,8088.1,1.26
2017-11-16,8083.5,8083.5,8035.1,8035.1,-0.66
2017-11-17,8022.3,8055.0,8022.3,8041.4,0.08
2017-11-20,8074.1,8080.0,8040.2,8067.9,0.33
2017-11-21,8062.0,8080.0,8046.8,8046.8,-0.26
2017-11-22,8042.5,8065.0,7998.0,7998.0,-0.61
2017-11-23,8060.0,8060.0,8002.2,8053.1,0.69
2017-11-24,8057.8,8060.0,8004.8,8004.8,-0.6
2017-11-27,8015.6,8085.0,8013.6,8080.9,0.95
2017-11-28,8074.9,8093.4,8067.7,8093.4,0.15
2017-11-29,8081.0,8092.0,8060.4,8060.4,-0.41
2017-11-30,8057.9,8091.0,8028.3,8028.3,-0.4
2017-12-01,8017.0,8091.0,8017.0,8068.7,0.5
2017-12-04,8086.9,8090.0,8060.1,8060.1,-0.11
2017-12-05,8057.8,8097.2,8057.8,8097.2,0.46
2017-12-06,8100.1,8100.1,8067.5,8073.9,-0.29
2017-12-07,8078.0,8091.0,8070.1,8074.2,0.0
2017-12-08,8080.0,8091.0,8041.8,8041.8,-0.4
2017-12-11,8062.4,8091.0,8062.4,8076.5,0.43
2017-12-12,8074.0,8091.0,8061.4,8087.6,0.14
2017-12-13,8081.3,8093.0,8003.0,8003.0,-1.05
2017-12-14,7993.9,8098.0,7993.9,8098.0,1.19
2017-12-15,8089.6,8096.4,8064.8,8096.4,-0.02
2017-12-18,8096.2,8100.0,8064.0,8100.0,0.04
2017-12-19,8069.0,8100.0,8051.7,8051.7,-0.6
2017-12-20,8048.6,8091.0,8047.0,8047.0,-0.06
2017-12-21,8046.4,8091.0,8046.4,8071.3,0.3
2017-12-22,8086.4,8091.0,8033.4,8033.4,-0.47
2017-12-25,8042.8,8042.8,8025.5,8026.4,-0.09
2017-12-26,8029.4,8091.0,8029.4,8036.0,0.12
2017-12-27,8032.0,8100.0,8032.0,8087.8,0.64
2017-12-28,8101.0,8110.0,8083.6,8088.8,0.01
2017-12-29,8085.9,8120.0,8079.1,8079.1,-0.12
2018-01-01,8079.2,8079.2,8072.3,8072.3,-0.08
2018-01-02,8071.0,8120.0,8062.4,8093.1,0.26
2018-01-03,8091.2,8101.0,8088.4,8091.9,-0.01
2018-01-04,8105.0,8105.0,8085.5,8085.5,-0.08
2018-01-05,8080.4,8122.8,8080.4,8122.8,0.46
2018-01-08,8114.3,8135.4,8106.9,8118.7,-0.05
2018-01-09,8116.7,8121.0,8061.0,8102.6,-0.2
2018-01-10,8102.2,8147.0,8055.4,8147.0,0.55
2018-01-11,8139.7,8139.7,8046.8,8046.8,-1.23
2018-01-12,8031.6,8125.0,8031.6,8054.9,0.1
2018-01-15,8063.1,8106.6,8053.2,8104.1,0.61
2018-01-16,8107.0,8131.0,8086.6,8086.6,-0.22
2018-01-17,8059.7,8132.4,8059.7,8132.4,0.57
2018-01-18,8129.1,8136.0,8116.1,8116.1,-0.2
2018-01-19,8119.8,8150.6,8119.8,8150.6,0.43
2018-01-22,8137.3,8151.0,8118.3,8151.0,0.0
2018-01-23,8109.6,8150.0,8109.6,8150.0,-0.01
2018-01-24,8094.2,8150.0,8094.2,8130.0,-0.25
2018-01-25,8098.3,8141.0,8098.3,8141.0,0.14
2018-01-26,8132.9,8150.0,8132.9,8140.0,-0.01
2018-01-29,8147.4,8160.0,8132.1,8160.0,0.25
2018-01-30,8146.9,8165.0,8146.9,8160.0,0.0
2018-01-31,8160.7,8165.0,8138.2,8160.0,0.0
2018-02-01,8170.0,8170.0,8145.1,8150.0,-0.12
2018-02-02,8103.6,8151.0,8103.6,8151.0,0.01
2018-02-05,8169.7,8171.0,8151.0,8171.0,0.25
2018-02-06,8189.7,8189.7,8163.8,8175.0,0.05
2018-02-07,8149.4,8175.0,8149.4,8170.0,-0.06
2018-02-08,8210.1,8210.1,8155.0,8165.0,-0.06
2018-02-09,8143.8,8165.0,8143.8,8165.0,0.0
2018-02-12,8143.9,8175.0,8143.9,8165.0,0.0
2018-02-13,8147.7,8180.0,8147.7,8175.0,0.12
2018-02-14,8152.5,8175.0,8152.5,8170.0,-0.06
2018-02-15,8087.5,8171.0,8087.5,8171.0,0.01
2018-02-16,8138.4,8171.0,8138.4,8168.0,-0.04
2018-02-19,8199.4,8220.7,8159.9,8159.9,-0.1
2018-02-20,8171.9,8171.9,8150.2,8165.0,0.06
2018-02-21,8162.6,8175.0,8154.7,8175.0,0.12
2018-02-22,8182.5,8182.5,8154.0,8175.0,0.0
2018-02-23,8127.5,8175.0,8127.5,8170.0,-0.06
2018-02-26,8164.5,8170.0,8150.6,8160.0,-0.12
2018-02-27,8156.2,8160.0,8142.0,8160.0,0.0
2018-02-28,8200.4,8200.4,8143.4,8160.0,0.0
2018-03-01,8162.3,8162.3,8142.2,8155.0,-0.06
2018-03-02,8084.4,8155.0,8084.4,8150.0,-0.06
2018-03-05,8124.6,8150.0,8124.6,8135.0,-0.18
2018-03-06,8111.1,8150.0,8111.1,8150.0,0.18
2018-03-07,8121.1,8151.0,8121.1,8140.0,-0.12
2018-03-08,8135.1,8150.0,8132.4,8150.0,0.12
2018-03-09,8180.4,8180.4,8135.5,8155.0,0.06
2018-03-12,8126.6,8155.0,8120.0,8120.0,-0.43
2018-03-13,8103.4,8130.0,8103.4,8125.0,0.06
2018-03-14,8070.4,8131.0,8070.4,8131.0,0.07
2018-03-15,8110.1,8141.9,8110.1,8121.0,-0.12
2018-03-16,8173.7,8173.7,8120.0,8120.0,-0.01
2018-03-19,8185.0,8185.0,8087.7,8120.0,0.0
2018-03-20,8074.8,8147.3,8074.8,8130.0,0.12
2018-03-21,8174.1,8174.1,8107.5,8131.0,0.01
2018-03-22,8049.2,8120.7,8049.2,8120.7,-0.13
2018-03-23,8103.2,8131.0,8103.2,8131.0,0.13
2018-03-26,8105.3,8135.0,8105.3,8130.0,-0.01
2018-03-27,8078.3,8130.0,8078.3,8130.0,0.0
2018-03-28,8111.6,8133.0,8110.8,8130.0,0.0
2018-03-29,8163.2,8163.2,8110.8,8120.0,-0.12
2018-03-30,8122.9,8122.9,8111.6,8120.0,0.0
2018-04-02,8116.5,8120.0,8090.0,8090.0,-0.37
2018-04-03,8129.7,8129.7,8070.9,8085.0,-0.06
2018-04-04,8078.9,8085.0,8072.7,8085.0,0.0
2018-04-05,8071.1,8085.0,8071.1,8080.0,-0.06
2018-04-06,8091.9,8091.9,8071.6,8080.0,0.0
2018-04-09,8051.7,8080.0,8051.7,8071.6,-0.1
2018-04-10,8041.1,8085.0,8040.5,8040.5,-0.39
2018-04-11,8041.6,8085.0,8041.6,8085.0,0.55
2018-04-12,8068.6,8075.0,8067.7,8075.0,-0.12
2018-04-13,8072.8,8074.0,8060.0,8060.0,-0.19
2018-04-16,8060.5,8075.0,8057.0,8075.0,0.19
2018-04-17,8054.4,8057.0,8047.7,8057.0,-0.22
2018-04-18,8048.1,8055.0,8045.6,8055.0,-0.02
2018-04-19,8045.1,8053.0,8045.1,8053.0,-0.02
2018-04-20,8062.2,8062.2,8049.3,8057.0,0.05
2018-04-23,8067.3,8067.3,8042.1,8042.1,-0.18
2018-04-24,8060.7,8060.7,8038.6,8058.0,0.2
2018-04-25,8022.4,8038.0,8022.4,8038.0,-0.25
2018-04-26,8059.8,8059.8,8041.3,8045.0,0.09
2018-04-27,8089.0,8089.0,8039.9,8055.0,0.12
2018-04-30,8016.2,8051.0,8016.2,8051.0,-0.05
2018-05-01,8049.8,8060.9,8048.0,8048.0,-0.04
2018-05-02,8109.5,8109.5,8038.5,8048.0,0.0
2018-05-03,8073.1,8073.1,8041.4,8045.0,-0.04
2018-05-04,8034.0,8048.0,8034.0,8048.0,0.04
2018-05-07,8047.7,8050.0,8032.4,8032.4,-0.19
2018-05-08,8028.4,8032.9,8028.4,8030.0,-0.03
2018-05-09,8037.2,8050.0,8028.3,8050.0,0.25
2018-05-10,8049.2,8049.2,8030.0,8030.0,-0.25
2018-05-11,8013.4,8033.1,8013.4,8030.0,0.0
2018-05-14,8022.2,8041.0,8002.1,8016.7,-0.17
2018-05-15,8039.9,8039.9,7999.9,8000.0,-0.21
2018-05-16,8061.4,8061.4,7999.4,8000.0,0.0
2018-05-17,7980.2,7999.4,7980.2,7999.4,-0.01
2018-05-18,7997.8,7998.1,7996.8,7998.1,-0.02
2018-05-21,8007.4,8007.4,7989.9,7989.9,-0.1
2018-05-22,7969.5,7980.0,7963.4,7980.0,-0.12
2018-05-23,7980.5,7980.5,7971.5,7980.0,0.0
2018-05-24,7972.3,7977.0,7967.6,7977.0,-0.04
2018-05-25,7965.7,7982.0,7965.7,7982.0,0.06
2018-05-28,7982.3,7982.3,7970.0,7975.0,-0.09
2018-05-29,7989.0,7989.0,7954.4,7970.0,-0.06
2018-05-30,7961.3,7965.0,7946.9,7965.0,-0.06
2018-05-31,7927.5,7961.0,7927.5,7961.0,-0.05
2018-06-01,7942.5,7970.0,7942.5,7950.0,-0.14
2018-06-04,7997.7,7997.7,7924.0,7995.6,0.57
2018-06-05,7967.1,7967.1,7908.9,7925.0,-0.88
2018-06-06,7881.2,7925.0,7881.2,7925.0,0.0
2018-06-07,7904.9,7925.0,7904.9,7925.0,0.0
2018-06-08,7936.2,7936.2,7919.0,7924.0,-0.01
2018-06-11,7882.3,7914.3,7882.3,7884.1,-0.5
2018-06-12,7921.4,7921.4,7909.7,7909.7,0.32
2018-06-13,7939.2,7939.2,7889.0,7889.0,-0.26
2018-06-14,7882.6,7885.0,7860.1,7885.0,-0.05
2018-06-15,8037.8,8037.8,7883.3,7885.0,0.0
2018-06-18,7880.0,7900.0,7878.4,7900.0,0.19
2018-06-19,7870.1,7870.1,7846.4,7865.0,-0.44
2018-06-20,7820.2,7860.0,7820.2,7860.0,-0.06
2018-06-21,7842.2,7865.0,7842.2,7865.0,0.06
2018-06-22,7808.3,7861.0,7808.3,7861.0,-0.05
2018-06-25,7841.1,7851.0,7841.1,7850.0,-0.14
2018-06-26,7820.5,7870.0,7820.5,7870.0,0.25
2018-06-27,7868.3,7868.3,7843.2,7855.0,-0.19
2018-06-28,7890.1,7890.1,7840.0,7840.0,-0.19
2018-06-29,7860.6,7860.6,7836.7,7850.0,0.13
2018-07-02,7816.7,7850.0,7816.7,7850.0,0.0
2018-07-03,7843.0,7843.0,7803.6,7826.0,-0.31
2018-07-04,7796.6,7827.0,7796.6,7827.0,0.01
2018-07-05,7803.3,7827.0,7803.3,7818.2,-0.11
2018-07-06,7811.9,7816.0,7811.9,7816.0,-0.03
2018-07-09,7786.8,7813.8,7784.7,7784.7,-0.4
2018-07-10,7828.4,7828.4,7786.9,7805.0,0.26
2018-07-11,7767.2,7805.0,7767.2,7805.0,0.0
2018-07-12,7808.1,7810.0,7770.3,7810.0,0.06
2018-07-13,7768.0,7810.0,7768.0,7810.0,0.0
2018-07-16,7747.4,7783.0,7747.4,7783.0,-0.35
2018-07-17,7788.0,7788.0,7762.0,7767.0,-0.21
2018-07-18,7806.8,7806.8,7759.5,7765.0,-0.03
2018-07-19,7742.5,7762.7,7742.5,7757.0,-0.1
2018-07-20,7718.5,7757.0,7718.5,7755.0,-0.03
2018-07-23,7698.6,7757.2,7698.6,7704.8,-0.65
2018-07-24,7771.2,7771.2,7757.2,7757.2,0.68
2018-07-25,7777.9,7777.9,7758.3,7760.5,0.04
2018-07-26,7729.7,7759.3,7729.7,7758.3,-0.03
2018-07-27,7803.9,7803.9,7758.5,7759.3,0.01
2018-07-30,7738.1,7758.5,7738.1,7758.5,-0.01
2018-07-31,7741.6,7780.0,7741.6,7780.0,0.28
2018-08-01,7790.3,7790.3,7763.3,7770.0,-0.13
2018-08-02,7777.3,7777.3,7750.0,7750.0,-0.26
2018-08-03,7786.6,7786.6,7760.6,7771.0,0.27
2018-08-06,7774.0,7774.0,7753.0,7770.0,-0.01
2018-08-07,7748.4,7753.8,7747.2,7750.0,-0.26
2018-08-08,7749.0,7752.2,7749.0,7750.0,0.0
2018-08-09,7742.7,7760.0,7742.7,7760.0,0.13
2018-08-10,7799.4,7799.4,7752.5,7760.0,0.0
2018-08-13,7799.8,7799.8,7753.4,7765.0,0.06
2018-08-14,7737.7,7771.0,7737.7,7770.0,0.06
2018-08-15,7800.0,7800.0,7760.0,7770.0,0.0
2018-08-16,7742.8,7755.3,7742.8,7750.0,-0.26
2018-08-17,7753.8,7770.0,7753.8,7765.0,0.19
2018-08-20,7725.2,7770.0,7725.2,7770.0,0.06
2018-08-21,7704.4,7783.0,7704.4,7783.0,0.17
2018-08-22,7737.9,7771.6,7737.9,7770.0,-0.17
2018-08-23,7777.0,7781.6,7776.8,7780.0,0.13
2018-08-24,7804.6,7804.6,7770.0,7775.0,-0.06
2018-08-27,7731.1,7770.6,7731.1,7744.2,-0.4
2018-08-28,7724.9,7798.5,7724.9,7770.6,0.34
2018-08-29,7801.0,7802.6,7798.5,7798.5,0.36
2018-08-30,7766.9,7802.6,7766.9,7802.6,0.05
2018-08-31,7818.8,7818.8,7798.4,7798.4,-0.05
2018-09-03,7843.1,7843.1,7797.5,7800.7,0.03
2018-09-04,7798.8,7800.6,7797.5,7797.5,-0.04
2018-09-05,7779.3,7800.6,7779.3,7800.6,0.04
2018-09-06,7769.9,7797.4,7769.9,7797.4,-0.04
2018-09-07,7802.4,7819.2,7796.3,7796.3,-0.01
2018-09-10,7857.3,7857.3,7770.0,7819.2,0.29
2018-09-11,7801.3,7834.1,7770.0,7770.0,-0.63
2018-09-12,7824.8,7840.0,7824.8,7840.0,0.9
2018-09-13,7801.4,7840.0,7801.4,7840.0,0.0
2018-09-14,7784.1,7850.0,7784.1,7850.0,0.13
2018-09-17,7884.6,7884.6,7834.7,7840.0,-0.13
2018-09-18,7827.6,8005.1,7827.6,8000.0,2.04
2018-09-19,8011.4,8011.4,8000.0,8000.0,0.0
2018-09-20,8020.9,8020.9,8005.0,8005.0,0.06
2018-09-21,7972.9,8006.4,7972.9,8005.0,0.0
2018-09-24,8017.1,8059.0,8003.1,8003.1,-0.02
2018-09-25,8015.6,8061.0,8015.6,8017.6,0.18
2018-09-26,8048.7,8060.0,8048.7,8060.0,0.53
2018-09-27,8051.0,8059.0,8051.0,8059.0,-0.01
2018-09-28,8106.7,8106.7,8050.9,8059.0,0.0
2018-10-01,8031.5,8060.0,8031.5,8060.0,0.01
2018-10-02,8070.8,8070.8,8043.8,8050.0,-0.12
2018-10-03,8026.1,8154.8,8026.1,8150.0,1.24
2018-10-04,8203.7,8203.7,8145.0,8145.0,-0.06
2018-10-05,8136.7,8150.0,8136.7,8150.0,0.06
2018-10-08,8131.6,8150.6,8123.4,8123.4,-0.33
2018-10-09,8134.2,8159.0,8134.2,8150.6,0.33
2018-10-10,8111.9,8153.1,8111.9,8150.0,-0.01
2018-10-11,8129.9,8151.0,8129.9,8151.0,0.01
2018-10-12,8139.2,8151.0,8139.2,8151.0,0.0
2018-10-15,8172.4,8172.4,8154.3,8155.0,0.05
2018-10-16,8161.9,8177.8,8155.0,8165.0,0.12
2018-10-17,8178.8,8179.4,8155.0,8155.0,-0.12
2018-10-18,8210.9,8210.9,8175.0,8175.0,0.25
2018-10-19,8223.4,8223.4,8175.0,8175.0,0.0
2018-10-22,8142.8,8176.0,8142.8,8175.0,0.0
2018-10-23,8204.4,8204.4,8175.0,8175.0,0.0
2018-10-24,8193.6,8199.5,8185.0,8185.0,0.12
2018-10-25,8204.9,8204.9,8186.0,8186.0,0.01
2018-10-26,8217.5,8217.5,8185.0,8185.0,-0.01
2018-10-29,8165.5,8195.2,8157.2,8157.2,-0.34
2018-10-30,8208.3,8208.3,8200.0,8200.0,0.52
2018-10-31,8209.0,8219.0,8186.0,8186.0,-0.17
2018-11-01,8229.2,8229.2,8200.0,8200.0,0.17
2018-11-02,8200.0,8221.6,8185.0,8185.0,-0.18
2018-11-05,8260.6,8260.6,8196.0,8196.0,0.13
2018-11-06,8177.4,8216.6,8177.4,8209.0,0.16
2018-11-07,8176.4,8225.2,8176.4,8201.0,-0.1
2018-11-08,8260.2,8260.2,8210.0,8210.0,0.11
2018-11-09,8251.6,8251.6,8215.0,8215.0,0.06
2018-11-12,8238.9,8238.9,8215.6,8219.0,0.05
2018-11-13,8243.5,8243.5,8215.6,8215.6,-0.04
2018-11-14,8203.1,8261.0,8203.1,8261.0,0.55
2018-11-15,8206.2,8250.0,8206.2,8250.0,-0.13
2018-11-16,8224.8,8255.4,8224.8,8230.0,-0.24
2018-11-19,8194.6,8240.6,8188.5,8188.5,-0.5
2018-11-20,8222.8,8247.9,8222.8,8235.0,0.57
2018-11-21,8294.5,8294.5,8245.0,8245.0,0.12
2018-11-22,8257.6,8257.6,8247.0,8247.0,0.02
2018-11-23,8257.0,8257.0,8243.4,8248.6,0.02
2018-11-26,8255.8,8255.8,8236.7,8250.7,0.03
2018-11-27,8272.7,8282.9,8265.0,8265.0,0.17
2018-11-28,8306.9,8306.9,8244.3,8269.0,0.05
2018-11-29,8183.1,8264.8,8183.1,8260.0,-0.11
2018-11-30,8252.5,8284.0,8205.0,8205.0,-0.67
2018-12-03,8293.1,8307.8,8270.0,8307.8,1.25
2018-12-04,8254.0,8278.6,8254.0,8274.0,-0.41
2018-12-05,8318.6,8318.6,8274.0,8274.0,0.0
2018-12-06,8289.0,8289.0,8282.0,8285.0,0.13
2018-12-07,8258.4,8284.6,8258.4,8275.0,-0.12
2018-12-10,8263.6,8280.5,8263.6,8265.0,-0.12
2018-12-11,8322.6,8322.6,8258.8,8270.0,0.06
2018-12-12,8306.8,8306.8,8272.0,8272.0,0.02
2018-12-13,8254.6,8278.4,8254.6,8270.0,-0.02
2018-12-14,8293.8,8293.8,8257.3,8270.0,0.0
2018-12-17,8244.4,8286.3,8244.4,8270.0,0.0
2018-12-18,8288.4,8300.0,8285.0,8285.0,0.18
2018-12-19,8300.2,8300.2,8293.9,8300.0,0.18
2018-12-20,8307.4,8307.4,8275.0,8280.0,-0.24
2018-12-21,8307.1,8307.1,8275.0,8275.0,-0.06
2018-12-24,8328.6,8328.6,8272.0,8272.0,-0.04
2018-12-25,8288.4,8300.0,8288.4,8300.0,0.34
2018-12-26,8294.0,8294.0,8288.4,8288.4,-0.14
2018-12-27,8319.8,8333.0,8302.3,8305.0,0.2
2018-12-28,8264.8,8323.0,8264.8,8323.0,0.22
2018-12-31,8321.2,8321.2,8305.0,8319.0,-0.05
2019-01-01,8288.6,8305.0,8288.6,8305.0,-0.17
2019-01-02,8306.2,8309.2,8288.6,8288.6,-0.2
2019-01-03,8374.5,8374.5,8304.2,8306.0,0.21
2019-01-04,8259.0,8304.8,8259.0,8300.0,-0.07
2019-01-07,8305.0,8305.0,8297.5,8305.0,0.06
2019-01-08,8283.9,8307.4,8283.9,8307.0,0.02
2019-01-09,8313.6,8317.0,8309.4,8317.0,0.12
2019-01-10,8234.9,8309.4,8234.9,8309.4,-0.09
2019-01-11,8317.2,8317.2,8306.0,8307.0,-0.03
2019-01-14,8356.8,8356.8,8307.0,8307.0,0.0
2019-01-15,8309.0,8326.0,8309.0,8326.0,0.23
2019-01-16,8331.0,8331.0,8314.2,8316.0,-0.12
2019-01-17,8301.3,8326.0,8301.3,8326.0,0.12
2019-01-18,8320.2,8320.2,8307.3,8310.0,-0.19
2019-01-21,8327.5,8327.5,8320.0,8320.0,0.12
2019-01-22,8316.0,8324.7,8316.0,8320.0,0.0
2019-01-23,8320.7,8350.0,8320.0,8320.0,0.0
2019-01-24,8331.0,8348.0,8320.0,8340.0,0.24
2019-01-25,8370.8,8370.8,8337.8,8355.0,0.18
2019-01-28,8288.6,8355.0,8288.6,8296.9,-0.7
2019-01-29,8333.7,8355.0,8333.7,8350.0,0.64
2019-01-30,8337.6,8355.0,8337.6,8355.0,0.06
2019-01-31,8311.2,8355.0,8311.2,8355.0,0.0
2019-02-01,8380.5,8382.6,8340.0,8382.6,0.33
2019-02-04,8362.4,8362.4,8350.0,8350.0,-0.39
2019-02-05,8363.4,8370.0,8363.4,8370.0,0.24
2019-02-06,8381.8,8382.0,8349.1,8365.0,-0.06
2019-02-07,8364.9,8370.0,8364.9,8370.0,0.06
2019-02-08,8358.3,8375.0,8358.3,8375.0,0.06
2019-02-11,8381.7,8381.7,8364.4,8373.5,-0.02
2019-02-12,8391.9,8391.9,8360.1,8370.0,-0.04
2019-02-13,8328.1,8370.0,8328.1,8370.0,0.0
2019-02-14,8414.2,8414.2,8363.8,8370.0,0.0
2019-02-15,8344.4,8370.0,8344.4,8370.0,0.0
2019-02-18,8341.1,8362.7,8341.1,8360.0,-0.12
2019-02-19,8379.9,8379.9,8360.0,8362.7,0.03
2019-02-20,8311.1,8365.0,8311.1,8365.0,0.03
2019-02-21,8354.8,8355.6,8352.0,8352.0,-0.16
2019-02-22,8367.3,8375.0,8359.6,8375.0,0.28
2019-02-25,8352.3,8380.0,8352.3,8356.7,-0.22
2019-02-26,8361.2,8380.0,8360.0,8380.0,0.28
2019-02-27,8352.7,8380.0,8352.7,8380.0,0.0
2019-02-28,8388.4,8388.4,8364.2,8370.0,-0.12
2019-03-01,8399.0,8399.0,8371.4,8375.0,0.06
2019-03-04,8383.6,8383.6,8356.1,8365.0,-0.12
2019-03-05,8363.1,8368.5,8360.0,8362.0,-0.04
2019-03-06,8386.4,8386.4,8350.0,8350.0,-0.14
2019-03-07,8354.5,8375.0,8350.0,8375.0,0.3
2019-03-08,8447.3,8447.3,8350.0,8350.0,-0.3
2019-03-11,8352.6,8352.6,8335.0,8343.7,-0.08
2019-03-12,8338.0,8350.0,8335.0,8335.0,-0.1
2019-03-13,8314.9,8350.0,8314.9,8350.0,0.18
2019-03-14,8321.7,8335.0,8321.7,8335.0,-0.18
2019-03-15,8325.4,8345.0,8325.4,8345.0,0.12
2019-03-18,8339.1,8350.0,8339.1,8350.0,0.06
2019-03-19,8356.9,8358.3,8343.8,8358.3,0.1
2019-03-20,8350.7,8350.7,8341.2,8349.0,-0.11
2019-03-21,8291.0,8348.0,8291.0,8348.0,-0.01
2019-03-22,8362.3,8365.3,8345.0,8345.0,-0.04
2019-03-25,8351.5,8351.5,8329.8,8329.8,-0.18
2019-03-26,8342.5,8359.0,8342.5,8355.0,0.3
2019-03-27,8386.5,8386.5,8355.5,8359.0,0.05
2019-03-28,8378.8,8378.8,8349.0,8359.0,0.0
2019-03-29,8351.5,8356.2,8350.0,8350.0,-0.11
2019-04-02,8391.4,8391.4,8375.0,8389.0,0.47
2019-04-03,8386.1,8386.8,8375.0,8375.0,-0.17
2019-04-04,8385.6,8386.6,8380.0,8380.0,0.06
2019-04-05,8390.2,8390.2,8375.0,8375.0,-0.06
2019-04-08,8393.0,8425.0,8378.0,8378.0,0.04
2019-04-09,8392.4,8425.0,8392.4,8425.0,0.56
2019-04-10,8429.4,8429.4,8380.3,8400.0,-0.3
2019-04-11,8379.8,8427.0,8379.8,8427.0,0.32
2019-04-12,8436.1,8436.7,8400.0,8436.7,0.12
2019-04-15,8425.4,8425.4,8413.3,8413.3,-0.28
2019-04-16,8424.0,8426.0,8408.4,8426.0,0.15
2019-04-17,8419.2,8430.0,8400.0,8430.0,0.05
2019-04-18,8431.7,8431.7,8400.0,8400.0,-0.36
2019-04-19,8438.3,8438.3,8420.0,8420.0,0.24
2019-04-22,8431.5,8431.5,8400.0,8400.0,-0.24
2019-04-23,8420.7,8420.7,8405.0,8405.0,0.06
2019-04-24,8429.3,8429.3,8390.0,8415.0,0.12
2019-04-25,8445.6,8445.6,8390.0,8390.0,-0.3
2019-04-26,8405.5,8409.3,8400.0,8400.0,0.12
2019-04-29,8398.4,8408.6,8387.4,8387.4,-0.15
2019-04-30,8386.0,8414.9,8386.0,8405.0,0.21
2019-05-01,8411.4,8411.4,8400.0,8400.0,-0.06
2019-05-02,8421.7,8421.7,8400.0,8400.0,0.0
2019-05-03,8433.3,8433.3,8405.0,8405.0,0.06
2019-05-06,8387.3,8412.8,8387.3,8400.0,-0.06
2019-05-07,8410.7,8414.3,8408.0,8408.0,0.1
2019-05-08,8421.8,8421.8,8400.0,8405.0,-0.04
2019-05-09,8419.9,8419.9,8400.0,8400.0,-0.06
2019-05-10,8397.1,8416.6,8397.1,8400.0,0.0
2019-05-13,8414.5,8418.1,8414.5,8415.0,0.18
2019-05-14,8419.3,8425.3,8405.0,8405.0,-0.12
2019-05-15,8446.3,8446.3,8405.0,8425.0,0.24
2019-05-16,8416.0,8423.2,8405.0,8405.0,-0.24
2019-05-17,8449.1,8449.1,8418.0,8418.0,0.15
2019-05-20,8426.6,8426.6,8410.0,8424.1,0.07
2019-05-21,8415.8,8417.3,8410.0,8410.0,-0.17
2019-05-23,8438.1,8439.1,8400.0,8439.1,0.35
2019-05-24,8390.8,8425.8,8390.8,8400.0,-0.46
2019-05-27,8411.5,8439.4,8411.5,8411.5,0.14
2019-05-28,8438.6,8451.6,8400.0,8439.4,0.33
2019-05-29,8467.9,8470.6,8445.0,8470.6,0.37
2019-05-30,8467.5,8467.5,8440.0,8445.0,-0.3
2019-05-31,8457.3,8457.3,8440.0,8440.0,-0.06
2019-06-03,8430.0,8451.3,8412.6,8412.6,-0.32
2019-06-04,8405.7,8478.2,8405.7,8465.0,0.62
2019-06-05,8484.3,8484.3,8473.0,8473.0,0.09
2019-06-06,8505.8,8505.8,8470.0,8470.0,-0.04
2019-06-07,8450.5,8470.0,8450.5,8470.0,0.0
2019-06-10,8421.8,8487.1,8421.8,8465.0,-0.06
2019-06-11,8479.9,8481.9,8465.0,8465.0,0.0
2019-06-12,8474.4,8481.1,8460.0,8460.0,-0.06
2019-06-13,8501.0,8501.0,8480.0,8480.0,0.24
2019-06-14,8491.3,8491.8,8468.0,8470.0,-0.12
2019-06-17,8521.9,8528.5,8468.0,8505.4,0.42
2019-06-18,8481.4,8508.1,8480.0,8480.0,-0.3
2019-06-19,8505.8,8505.8,8475.0,8475.0,-0.06
2019-06-20,8480.4,8501.2,8480.0,8500.0,0.29
2019-06-21,8508.9,8508.9,8480.0,8480.0,-0.24
2019-06-24,8446.1,8512.8,8444.0,8475.0,-0.06
2019-06-25,8509.7,8532.8,8504.0,8530.0,0.65
2019-06-26,8541.7,8541.7,8529.8,8532.8,0.03
2019-06-27,8522.5,8531.7,8510.0,8510.0,-0.27
2019-06-28,8535.1,8535.1,8520.0,8520.0,0.12
2019-07-01,8545.6,8571.4,8520.0,8520.0,0.0
2019-07-02,8573.0,8573.0,8525.0,8570.4,0.59
2019-07-03,8547.8,8547.8,8530.0,8547.8,-0.26
2019-07-04,8549.6,8551.1,8525.0,8525.0,-0.27
2019-07-05,8541.5,8541.5,8525.0,8541.5,0.19
2019-07-08,8567.7,8567.7,8530.0,8530.0,-0.13
2019-07-09,8541.0,8550.0,8541.0,8550.0,0.23
2019-07-10,8543.0,8548.0,8543.0,8548.0,-0.02
2019-07-11,8512.9,8541.9,8512.9,8538.0,-0.12
2019-07-12,8561.4,8561.4,8526.5,8540.0,0.02
2019-07-15,8516.9,8555.0,8516.9,8538.0,-0.02
2019-07-16,8561.3,8561.3,8552.3,8555.0,0.2
2019-07-17,8559.2,8559.2,8541.0,8552.3,-0.03
2019-07-18,8533.4,8560.0,8533.4,8560.0,0.09
2019-07-19,8498.2,8551.2,8498.2,8545.0,-0.18
2019-07-22,8566.6,8585.0,8534.0,8554.6,0.11
2019-07-23,8564.0,8594.1,8564.0,8585.0,0.36
2019-07-24,8616.2,8616.2,8573.0,8580.0,-0.06
2019-07-25,8580.5,8590.4,8575.0,8575.0,-0.06
2019-07-26,8587.2,8589.1,8575.0,8575.0,0.0
2019-07-29,8591.8,8616.1,8575.0,8575.0,0.0
2019-07-30,8597.8,8632.0,8526.0,8526.0,-0.57
2019-07-31,8622.8,8622.8,8607.9,8615.0,1.04
2019-08-01,8665.2,8665.2,8620.0,8620.0,0.06
2019-08-02,8597.6,8628.1,8597.6,8620.0,0.0
2019-08-05,8626.0,8633.3,8620.0,8620.0,0.0
2019-08-06,8581.1,8672.6,8581.1,8665.0,0.52
2019-08-07,8668.8,8668.8,8665.0,8665.0,0.0
2019-08-08,8656.1,8656.1,8647.5,8650.0,-0.17
2019-08-09,8657.3,8674.2,8650.0,8650.0,0.0
2019-08-12,8669.7,8674.2,8669.7,8674.2,0.28
2019-08-13,8656.6,8673.1,8612.4,8673.1,-0.01
2019-08-14,8642.9,8642.9,8612.4,8612.4,-0.7
2019-08-15,8660.3,8681.3,8630.0,8630.0,0.2
2019-08-16,8717.0,9037.3,8681.3,8681.3,0.59
2019-08-19,9026.4,9118.9,9026.4,9037.3,4.1
2019-08-20,9137.8,9137.8,9118.9,9118.9,0.9
2019-08-21,9105.9,9119.1,9027.3,9119.1,0.0
2019-08-22,9037.6,9385.8,9027.3,9027.3,-1.01
2019-08-23,9368.6,9385.8,9351.8,9385.8,3.97
2019-08-26,9278.8,9344.8,9197.9,9197.9,-2.0
2019-08-27,9359.5,9359.5,9310.3,9344.8,1.6
2019-08-28,9323.4,9369.9,9323.4,9343.0,-0.02
2019-08-29,9374.9,9374.9,9323.0,9330.0,-0.14
2019-08-30,9381.5,9381.5,9320.0,9320.0,-0.11
2019-09-02,9411.4,9411.4,9320.0,9320.0,0.0
2019-09-03,9344.0,9344.0,9338.9,9338.9,0.2
2019-09-04,9312.8,9368.0,9312.8,9330.0,-0.1
2019-09-05,9353.1,9369.9,9353.1,9355.0,0.27
2019-09-06,9387.1,9387.1,9350.0,9350.0,-0.05
2019-09-09,9376.8,9376.8,9282.3,9282.3,-0.72
2019-09-10,9350.2,9371.3,9350.2,9350.6,0.74
2019-09-11,9359.4,9371.3,9350.0,9371.3,0.22
2019-09-12,9362.8,9368.2,9350.0,9350.0,-0.23
2019-09-13,9340.4,9368.2,9340.4,9368.2,0.19
2019-09-16,9375.6,9375.6,9350.0,9350.0,-0.19
2019-09-17,9398.6,9398.6,9365.0,9365.0,0.16
2019-09-18,9326.4,9369.9,9326.4,9365.0,0.0
2019-09-19,9380.6,9380.6,9370.3,9380.0,0.16
2019-09-20,9386.2,9386.2,9370.2,9370.3,-0.1
2019-09-23,9389.2,9389.2,9360.0,9360.0,-0.11
2019-09-24,9360.4,9397.1,9360.0,9360.0,0.0
2019-09-25,9376.2,9400.5,9370.0,9375.0,0.16
2019-09-26,9434.7,9434.7,9370.0,9370.0,-0.05
2019-09-27,9404.1,9404.1,9380.0,9380.0,0.11
2019-09-30,9400.3,9428.6,9375.0,9401.3,0.23
2019-10-01,9422.2,9434.6,9394.4,9422.2,0.22
2019-10-02,9384.3,9403.4,9374.9,9386.2,-0.38
2019-10-03,9368.6,9400.0,9367.9,9368.8,-0.19
2019-10-04,9377.8,9400.0,9377.8,9400.0,0.33
2019-10-07,9397.8,9405.0,9389.4,9400.8,0.01
2019-10-08,9398.9,9398.9,9375.0,9375.0,-0.27
2019-10-09,9406.1,9406.1,9375.0,9380.0,0.05
2019-10-10,9381.1,9393.1,9375.0,9375.0,-0.05
2019-10-11,9406.4,9406.4,9380.0,9380.0,0.05
2019-10-14,9414.55,9414.55,9408.46,9408.46,0.3
2019-10-15,9413.31,9413.31,9375.0,9410.83,0.03
2019-10-16,9392.67,9406.59,9392.67,9400.0,-0.12
2019-10-17,9367.01,9405.0,9367.01,9400.0,0.0
2019-10-18,9396.96,9405.0,9396.96,9405.0,0.05
2019-10-21,9378.47,9400.0,9378.47,9400.0,-0.05
2019-10-22,9405.24,9409.56,9405.24,9408.0,0.09
2019-10-23,9419.92,9419.92,9407.01,9408.0,0.0
2019-10-24,9387.37,9408.93,9387.37,9400.0,-0.09
2019-10-25,9429.65,9429.99,9405.0,9405.0,0.05
2019-10-28,9454.5,9454.5,9393.5,9405.0,0.0
2019-10-29,9394.9,9419.94,9394.9,9415.0,0.11
2019-10-30,9398.61,9416.51,9398.61,9413.0,-0.02
2019-10-31,9374.33,9423.0,9374.33,9423.0,0.11
2019-11-01,9413.21,9420.0,9413.21,9420.0,-0.03
2019-11-04,9411.69,9426.46,9411.69,9415.57,-0.05
2019-11-05,9457.92,9457.92,9420.0,9420.0,0.05
2019-11-06,9480.13,9480.13,9445.0,9445.0,0.27
2019-11-07,9458.58,9458.58,9420.0,9420.0,-0.26
2019-11-08,9474.03,9474.03,9420.0,9420.0,0.0
2019-11-11,9457.44,9457.44,9420.0,9426.0,0.06
2019-11-12,9441.5,9465.38,9441.5,9450.0,0.25
2019-11-13,9469.55,9470.45,9450.0,9450.0,0.0
2019-11-14,9470.45,9470.45,9467.25,9470.45,0.22
2019-11-15,9437.2,9469.73,9437.2,9440.0,-0.32
2019-11-18,9448.06,9468.79,9442.51,9451.74,0.12
2019-11-19,9461.6,9468.79,9461.6,9468.79,0.18
2019-11-20,9467.59,9467.62,9450.0,9450.0,-0.2
2019-11-21,9452.06,9479.88,9450.0,9450.0,0.0
2019-11-22,9497.02,9497.02,9450.0,9455.0,0.05
2019-11-25,9514.1,9514.1,9450.0,9450.0,-0.05
2019-11-26,9483.56,9483.56,9450.0,9460.0,0.11
2019-11-27,9462.4,9480.0,9462.4,9480.0,0.21
2019-11-28,9464.62,9464.62,9463.64,9464.0,-0.17
2019-11-29,9455.87,9480.0,9455.87,9463.64,0.0
2019-12-02,9457.4,9480.58,9457.4,9459.42,-0.04
2019-12-03,9422.23,9493.31,9422.23,9470.0,0.11
2019-12-04,9487.36,9487.36,9470.0,9470.0,0.0
2019-12-05,9467.73,9491.18,9467.73,9470.0,0.0
2019-12-06,9482.29,9482.29,9470.0,9475.0,0.05
2019-12-09,9509.31,9509.31,9470.0,9470.0,-0.05
2019-12-10,9500.99,9500.99,9485.0,9485.0,0.16
2019-12-11,9486.79,9495.82,9485.0,9485.0,0.0
2019-12-12,9446.19,9493.14,9446.19,9485.0,0.0
2019-12-13,9460.72,9491.13,9460.72,9490.0,0.05
2019-12-16,9536.22,9536.22,9475.0,9475.0,-0.16
2019-12-17,9511.34,9511.34,9480.0,9480.0,0.05
2019-12-18,9475.0,9512.36,9475.0,9508.65,0.3
2019-12-19,9503.16,9503.16,9482.0,9482.0,-0.28
2019-12-20,9506.45,9506.45,9480.0,9480.0,-0.02
2019-12-23,9512.19,9512.19,9470.0,9470.0,-0.11
2019-12-24,9484.95,9493.09,9475.0,9475.0,0.05
2019-12-25,9483.72,9483.72,9466.0,9466.0,-0.09
2019-12-26,9480.0,9483.72,9466.0,9483.72,0.19
2019-12-27,9470.3,9484.64,9466.0,9466.0,-0.19
2019-12-30,9449.5,9494.4,9449.5,9475.0,0.1
2019-12-31,9483.6,9483.6,9467.0,9467.0,-0.08
2020-01-01,9525.04,9525.04,9457.0,9457.0,-0.11
2020-01-02,9484.37,9525.04,9457.0,9525.04,0.72
2020-01-03,9484.15,9493.29,9457.0,9467.0,-0.61
2020-01-06,9464.98,9480.11,9455.0,9455.0,-0.13
2020-01-07,9487.7,9518.02,9455.0,9455.0,0.0
2020-01-08,9535.59,9535.59,9467.0,9467.0,0.13
2020-01-09,9545.38,9545.38,9467.0,9467.0,0.0
2020-01-10,9531.33,9531.33,9467.0,9467.0,0.0
2020-01-13,9484.39,9521.52,9465.0,9485.5,0.2
2020-01-14,9507.2,9538.21,9500.0,9500.0,0.15
2020-01-15,9536.32,9536.32,9505.0,9505.0,0.05
2020-01-16,9519.99,9519.99,9500.0,9500.0,-0.05
2020-01-17,9527.73,9527.73,9493.12,9525.0,0.26
2020-01-20,9507.71,9525.0,9493.12,9493.12,-0.33
2020-01-21,9500.1,9516.02,9500.0,9500.0,0.07
2020-01-22,9537.31,9537.31,9507.0,9507.0,0.07
2020-01-23,9523.42,9535.72,9500.0,9500.0,-0.07
2020-01-24,9567.64,9567.64,9500.0,9500.0,0.0
2020-01-27,9548.41,9548.41,9505.0,9505.0,0.05
2020-01-28,9533.23,9533.23,9513.0,9513.0,0.08
2020-01-29,9514.06,9523.0,9513.0,9520.0,0.07
2020-01-30,9512.27,9520.0,9508.98,9520.0,0.0
2020-01-31,9502.99,9523.0,9502.91,9523.0,0.03
2020-02-03,9464.76,9500.0,9464.76,9500.0,-0.24
2020-02-04,9490.25,9500.0,9485.0,9487.12,-0.14
2020-02-05,9499.72,9512.12,9480.0,9480.0,-0.08
2020-02-06,9533.66,9533.66,9480.0,9480.0,0.0
2020-02-07,9528.6,9528.6,9500.0,9514.65,0.37
2020-02-10,9503.17,9503.17,9480.0,9500.0,-0.15
2020-02-11,9523.52,9523.52,9489.0,9489.0,-0.12
2020-02-12,9486.89,9486.89,9480.0,9480.0,-0.09
2020-02-13,9518.47,9518.47,9480.0,9483.93,0.04
2020-02-14,9502.67,9509.84,9485.0,9490.0,0.06
2020-02-17,9510.19,9510.19,9468.0,9485.0,-0.05
2020-02-18,9520.16,9520.16,9468.0,9468.0,-0.18
2020-02-19,9523.94,9523.94,9478.0,9478.0,0.11
2020-02-20,9481.97,9500.0,9478.0,9478.0,0.0
2020-02-21,9487.96,9500.0,9487.96,9500.0,0.23
2020-02-24,9464.95,9484.7,9464.95,9478.0,-0.23
2020-02-25,9451.59,9490.17,9451.59,9475.0,-0.03
2020-02-26,9454.65,9475.0,9454.65,9475.0,0.0
2020-02-27,9465.19,9470.37,9465.19,9470.0,-0.05
2020-02-28,9433.22,9475.0,9433.22,9475.0,0.05
2020-03-02,9415.91,9486.0,9415.91,9486.0,0.12
2020-03-03,9460.05,9486.0,9460.05,9473.0,-0.14
2020-03-04,9424.73,9475.0,9424.73,9475.0,0.02
2020-03-05,9472.52,9473.0,9454.42,9473.0,-0.02
2020-03-06,9408.09,9470.0,9408.09,9470.0,-0.03
2020-03-09,9379.5,9487.36,9379.5,9470.0,0.0
2020-03-10,9496.17,9496.17,9460.0,9460.0,-0.11
2020-03-11,9493.49,9493.49,9460.78,9465.0,0.05
2020-03-12,9482.84,9531.94,9448.54,9531.94,0.71
2020-03-13,9502.0,9502.0,9455.0,9455.0,-0.81
2020-03-16,9527.2,9527.2,9469.33,9477.22,0.24
2020-03-17,9490.48,9490.48,9470.0,9470.0,-0.08
2020-03-18,9491.09,9491.09,9472.92,9472.92,0.03
2020-03-19,9544.06,9544.06,9475.0,9475.0,0.02
2020-03-20,9508.37,9508.37,9458.58,9470.0,-0.05
2020-03-23,9473.28,9473.28,9404.96,9470.0,0.0
2020-03-24,9379.17,9521.69,9379.17,9475.0,0.05
2020-03-25,9541.73,9541.73,9470.0,9470.0,-0.05
2020-03-26,9398.63,9505.36,9398.63,9490.0,0.21
2020-03-27,9427.93,9483.27,9427.93,9475.0,-0.16
2020-03-30,9397.87,9539.26,9380.51,9380.51,-1.0
2020-03-31,9586.94,9586.94,9502.0,9502.0,1.3
2020-04-01,9450.38,9565.34,9450.38,9525.0,0.24
2020-04-02,9561.28,9621.15,9505.0,9505.0,-0.21
2020-04-03,9646.93,9646.93,9500.0,9500.0,-0.05
2020-04-06,9581.93,9581.93,9510.0,9510.0,0.11
2020-04-07,9584.76,9633.09,9540.0,9540.0,0.32
2020-04-08,9639.91,9670.77,9550.0,9550.0,0.1
2020-04-09,9668.72,9668.72,9545.0,9545.0,-0.05
2020-04-10,9506.97,9550.0,9506.97,9550.0,0.05
2020-04-13,9501.8,9555.0,9480.46,9555.0,0.05
2020-04-14,9507.54,9756.52,9507.54,9653.0,1.03
2020-04-15,9723.04,10070.0,9663.0,9663.0,0.1
2020-04-16,9779.79,10110.76,9779.79,10100.0,4.52
2020-04-17,10122.95,10122.95,10071.0,10115.0,0.15
2020-04-20,10078.63,10082.69,10065.52,10065.52,-0.49
2020-04-21,10086.82,10096.09,10077.0,10077.0,0.11
2020-04-22,10071.36,10102.41,10071.36,10075.0,-0.02
2020-04-23,10157.07,10157.07,10075.0,10075.0,0.0
2020-04-24,10118.91,10118.91,10075.0,10075.0,0.0
2020-04-27,10074.89,10108.29,10074.89,10077.0,0.02
2020-04-28,10122.66,10122.66,10060.0,10060.0,-0.17
2020-04-29,10143.01,10143.01,10070.0,10070.0,0.1
2020-04-30,10072.49,10087.56,10072.49,10075.0,0.05
2020-05-01,10021.08,10075.0,10021.08,10070.0,-0.05
2020-05-04,10019.43,10099.9,10019.43,10070.0,0.0
2020-05-05,10119.62,10119.62,10050.0,10050.0,-0.2
2020-05-06,10108.98,10108.98,10089.0,10089.0,0.39
2020-05-07,10100.83,10100.83,10079.0,10079.0,-0.1
2020-05-08,10034.23,10112.37,10034.23,10077.0,-0.02
2020-05-11,10110.41,10113.1,10069.0,10069.0,-0.08
2020-05-12,10136.33,10136.33,10070.0,10075.0,0.06
2020-05-13,10067.41,10107.6,10067.41,10075.0,0.0
2020-05-14,10146.04,10146.04,10070.0,10071.0,-0.04
2020-05-15,10091.12,10109.72,10070.0,10070.0,-0.01
2020-05-18,10106.31,10114.59,10075.0,10075.0,0.05
2020-05-19,10013.16,10115.54,10013.16,10070.0,-0.05
2020-05-20,10139.82,10139.82,10075.0,10075.0,0.05
2020-05-21,10101.55,10101.55,10070.0,10070.0,-0.05
2020-05-22,10132.37,10132.37,10069.0,10069.0,-0.01
2020-05-25,10094.52,10103.8,10080.0,10080.0,0.11
2020-05-26,10092.82,10108.79,10069.0,10103.8,0.24
2020-05-27,10095.52,10120.01,10069.0,10099.0,-0.05
2020-05-28,10117.53,10117.53,10069.0,10090.0,-0.09
2020-05-29,10043.65,10102.84,10043.65,10090.0,0.0
2020-06-01,10116.38,10123.8,10095.0,10095.0,0.05
2020-06-02,10103.25,10121.69,10103.25,10105.0,0.1
2020-06-03,10094.48,10128.35,10094.48,10106.0,0.01
2020-06-04,10109.75,10125.34,10100.0,10100.0,-0.06
2020-06-05,10008.49,10117.52,10008.49,10115.0,0.15
2020-06-08,10145.33,10145.33,10105.0,10105.0,-0.1
2020-06-09,10080.7,10113.0,10080.7,10113.0,0.08
2020-06-10,10052.88,10115.0,10052.88,10115.0,0.02
2020-06-11,10096.3,10123.18,10096.3,10123.0,0.08
2020-06-12,10201.55,10201.55,10123.0,10123.0,0.0
2020-06-15,10191.07,10191.07,10125.0,10125.0,0.02
2020-06-16,10067.68,10131.16,10067.68,10127.0,0.02
2020-06-17,10177.69,10177.69,10130.0,10131.0,0.04
2020-06-18,10130.0,10135.0,10130.0,10135.0,0.04
2020-06-19,10130.0,10131.0,10130.0,10131.0,-0.04
2020-06-22,10160.3,10160.3,10128.29,10135.0,0.04
2020-06-23,10081.09,10146.23,10081.09,10142.0,0.07
2020-06-24,10119.78,10148.88,10119.78,10142.0,0.0
2020-06-25,10192.61,10199.22,10145.0,10145.0,0.03
2020-06-26,10141.21,10150.0,10138.44,10150.0,0.05
2020-06-29,10138.75,10160.33,10138.75,10152.0,0.02
2020-06-30,10196.85,10196.85,10143.0,10143.0,-0.09
2020-07-01,10138.24,10165.2,10130.44,10153.0,0.1
2020-07-02,10116.15,10155.0,10116.15,10155.0,0.02
2020-07-03,10188.01,10188.01,10144.66,10153.0,-0.02
2020-07-06,10117.11,10159.88,10117.11,10151.0,-0.02
2020-07-07,10131.63,10160.31,10131.63,10154.0,0.03
2020-07-08,10170.95,10170.95,10152.59,10164.0,0.1
2020-07-09,10107.18,10169.33,10107.18,10165.0,0.01
2020-07-10,10212.03,10212.03,10160.0,10160.0,-0.05
2020-07-13,10164.65,10170.02,10164.65,10170.02,0.1
2020-07-14,10149.01,10185.71,10149.01,10170.0,0.0
2020-07-15,10147.61,10180.0,10147.61,10174.0,0.04
2020-07-16,10187.46,10187.46,10180.0,10180.0,0.06
2020-07-17,10196.45,10196.45,10175.0,10175.0,-0.05
2020-07-20,10184.1,10184.1,10169.52,10174.0,-0.01
2020-07-21,10176.27,10180.0,10165.65,10180.0,0.06
2020-07-22,10085.16,10185.0,10085.16,10185.0,0.05
2020-07-23,10175.67,10195.81,10175.67,10180.0,-0.05
2020-07-24,10167.41,10185.0,10167.41,10185.0,0.05
2020-07-27,10094.07,10188.24,10094.07,10180.0,-0.05
2020-07-28,10151.39,10175.0,10151.39,10170.0,-0.1
2020-07-29,10188.41,10189.83,10162.02,10170.0,0.0
2020-07-30,10149.56,10185.55,10149.56,10175.0,0.05
2020-07-31,10086.27,10172.86,10086.27,10170.0,-0.05
2020-08-03,10250.83,10250.83,10160.0,10160.0,-0.1
2020-08-04,10154.82,10183.68,10154.82,10160.0,0.0
2020-08-05,10146.78,10177.37,10146.78,10160.0,0.0
2020-08-06,10141.9,10186.37,10141.9,10177.37,0.17
2020-08-07,10153.08,10210.55,10150.0,10150.0,-0.27
2020-08-10,10234.02,10237.75,10165.0,10237.75,0.86
2020-08-11,10227.23,10227.23,10190.0,10190.0,-0.47
2020-08-12,10245.46,10245.46,10195.0,10195.0,0.05
2020-08-13,10177.42,10199.43,10177.42,10181.0,-0.14
2020-08-14,10231.48,10231.48,10183.0,10183.0,0.02
2020-08-17,10195.12,10224.76,10183.0,10224.76,0.41
2020-08-18,10181.33,10233.8,10106.0,10106.0,-1.16
2020-08-19,10193.76,10237.25,10193.76,10206.91,1.0
2020-08-20,10319.61,10319.61,10237.25,10237.25,0.3
2020-08-21,10200.68,10238.27,10200.68,10238.27,0.01
2020-08-24,10234.56,10234.56,10231.76,10232.82,-0.05
2020-08-25,10258.16,10258.16,10227.67,10231.76,-0.01
2020-08-26,10226.63,10229.91,10226.63,10227.67,-0.04
2020-08-27,10211.37,10262.0,10211.37,10229.91,0.02
2020-08-28,10241.16,10253.22,10241.16,10253.22,0.23
2020-08-31,10240.11,10243.08,10224.07,10243.08,-0.1
2020-09-01,10214.7,10229.79,10214.7,10224.07,-0.19
2020-09-02,10302.0,10302.0,10229.79,10229.79,0.06
2020-09-03,10263.89,10263.89,10237.07,10237.07,0.07
2020-09-04,10202.87,10244.0,10202.87,10244.0,0.07
2020-09-07,10248.49,10250.0,10238.48,10250.0,0.06
2020-09-08,10249.84,10249.84,10238.48,10238.48,-0.11
2020-09-09,10260.86,10270.0,10240.41,10270.0,0.31
2020-09-10,10194.2,10250.0,10194.2,10250.0,-0.19
2020-09-11,10241.11,10241.11,10237.2,10240.0,-0.1
2020-09-14,10259.82,10259.82,10235.0,10235.0,-0.05
2020-09-15,10247.03,10247.03,10241.43,10245.0,0.1
2020-09-16,10294.52,10294.52,10255.0,10255.0,0.1
2020-09-17,10335.94,10335.94,10244.97,10250.0,-0.05
2020-09-18,10190.14,10255.0,10190.14,10255.0,0.05
2020-09-21,10221.65,10261.58,10221.65,10250.0,-0.05
2020-09-22,10272.83,10272.83,10244.17,10265.0,0.15
2020-09-23,10309.59,10309.59,10237.98,10270.0,0.05
2020-09-24,10268.89,10268.89,10232.93,10265.0,-0.05
2020-09-25,10216.0,10260.0,10216.0,10260.0,-0.05
2020-09-28,10261.47,10265.0,10236.53,10265.0,0.05
2020-09-29,10223.78,10260.0,10223.78,10260.0,-0.05
2020-09-30,10204.29,10270.0,10204.29,10260.0,0.0
2020-10-01,10230.86,10283.92,10230.86,10270.0,0.1
2020-10-02,10299.04,10299.04,10239.82,10275.0,0.05
2020-10-05,10226.94,10290.0,10226.94,10290.0,0.15
2020-10-06,10204.53,10320.1,10204.53,10280.0,-0.1
2020-10-07,10359.72,10359.72,10280.0,10280.0,0.0
2020-10-08,10315.92,10325.68,10300.0,10313.43,0.33
2020-10-09,10319.97,10322.53,10300.0,10300.0,-0.13
2020-10-12,10312.87,10322.29,10285.0,10285.0,-0.15
2020-10-13,10318.75,10322.41,10285.0,10322.29,0.36
2020-10-14,10360.28,10360.28,10320.78,10325.0,0.03
2020-10-15,10308.17,10334.0,10308.17,10334.0,0.09
2020-10-16,10326.59,10330.0,10318.58,10330.0,-0.04
2020-10-19,10315.63,10345.26,10315.63,10334.0,0.04
2020-10-20,10337.62,10341.0,10322.54,10334.0,0.0
2020-10-21,10322.81,10341.0,10322.81,10341.0,0.07
2020-10-22,10344.09,10345.68,10334.0,10334.0,-0.07
2020-10-23,10369.26,10369.26,10333.63,10340.0,0.06
2020-10-26,10337.86,10341.0,10321.93,10341.0,0.01
2020-10-27,10324.94,10330.0,10319.09,10330.0,-0.11
2020-10-28,10361.31,10361.31,10320.02,10329.0,-0.01
2020-10-29,10299.26,10339.0,10299.26,10329.0,0.0
2020-10-30,10349.24,10361.83,10329.84,10361.83,0.32
2020-11-02,10357.16,10357.16,10319.0,10319.0,-0.41
2020-11-03,10331.27,10334.98,10325.0,10326.0,0.07
2020-11-04,10356.07,10356.07,10320.0,10320.0,-0.06
2020-11-05,10322.36,10332.59,10322.36,10326.0,0.06
2020-11-06,10330.93,10330.93,10320.0,10325.0,-0.01
2020-11-09,10322.45,10339.08,10322.45,10326.0,0.01
2020-11-10,10386.47,10386.47,10325.0,10325.0,-0.01
2020-11-11,10308.2,10350.5,10308.2,10325.0,0.0
2020-11-12,10336.97,10350.5,10331.84,10350.5,0.25
2020-11-13,10333.68,10348.0,10333.68,10348.0,-0.02
2020-11-16,10302.01,10340.0,10302.01,10340.0,-0.08
2020-11-17,10304.58,10360.0,10304.58,10360.0,0.19
2020-11-18,10352.19,10360.0,10336.39,10360.0,0.0
2020-11-19,10357.52,10360.0,10350.0,10350.0,-0.1
2020-11-20,10318.04,10365.0,10318.04,10365.0,0.14
2020-11-23,10329.48,10340.0,10329.48,10340.0,-0.24
2020-11-24,10385.51,10385.51,10331.81,10380.0,0.39
2020-11-25,10304.68,10390.02,10304.68,10370.0,-0.1
2020-11-26,10352.17,10380.0,10332.77,10380.0,0.1
2020-11-27,10322.14,10380.0,10322.14,10332.77,-0.46
2020-11-30,10287.64,10370.0,10287.64,10370.0,0.36
2020-12-01,10364.83,10400.66,10364.83,10400.0,0.29
2020-12-02,10313.28,10407.0,10308.15,10407.0,0.07
2020-12-03,10346.15,10400.93,10346.15,10390.0,-0.16
2020-12-04,10385.68,10399.3,10380.0,10380.0,-0.1
2020-12-07,10427.62,10427.62,10336.2,10385.0,0.05
2020-12-08,10335.86,10413.0,10335.86,10413.0,0.27
2020-12-09,10410.89,10423.0,10410.89,10423.0,0.1
2020-12-10,10441.11,10441.11,10336.37,10405.0,-0.17
2020-12-11,10275.87,10416.73,10275.87,10413.0,0.08
2020-12-14,10408.19,10410.0,10334.5,10410.0,-0.03
2020-12-15,10328.68,10434.05,10328.68,10413.0,0.03
2020-12-16,10439.08,10446.1,10403.0,10403.0,-0.1
2020-12-17,10437.88,10445.47,10410.0,10410.0,0.07
2020-12-18,10428.21,10432.09,10410.0,10415.0,0.05
2020-12-21,10475.12,10486.07,10413.0,10413.0,-0.02
2020-12-22,10385.6,10449.51,10385.6,10433.0,0.19
2020-12-23,10504.43,10504.43,10435.0,10435.0,0.02
2020-12-24,10432.87,10449.36,10432.87,10435.0,0.0
2020-12-25,10452.01,10452.01,10435.0,10435.0,0.0
2020-12-28,10438.83,10452.01,10431.56,10452.01,0.16
2020-12-29,10403.4,10446.43,10403.4,10426.0,-0.25
2020-12-30,10411.92,10432.21,10411.92,10425.0,-0.01
2020-12-31,10402.88,10446.32,10402.88,10425.0,0.0
2021-01-01,10500.12,10500.12,10425.0,10425.0,0.0
2021-01-04,10466.91,10500.12,10416.18,10500.12,0.72
2021-01-05,10451.07,10451.07,10419.0,10419.0,-0.77
2021-01-06,10426.5,10426.5,10409.0,10409.0,-0.1
2021-01-07,10437.56,10437.56,10429.0,10429.0,0.19
2021-01-08,10438.82,10438.82,10419.0,10419.0,-0.1
2021-01-11,10494.57,10494.57,10420.0,10453.41,0.33
2021-01-12,10435.27,10435.27,10423.0,10423.0,-0.29
2021-01-13,10374.21,10442.11,10374.21,10433.0,0.1
2021-01-14,10441.33,10441.33,10432.31,10435.0,0.02
2021-01-15,10431.79,10445.0,10430.0,10430.0,-0.05
2021-01-18,10469.3,10471.04,10445.83,10469.22,0.38
2021-01-19,10419.36,10474.2,10419.36,10445.83,-0.22
2021-01-20,10460.18,10471.74,10435.0,10435.0,-0.1
2021-01-21,10461.77,10461.77,10427.78,10450.0,0.14
2021-01-22,10405.9,10450.0,10405.9,10425.0,-0.24
2021-01-25,10442.32,10491.28,10442.32,10455.0,0.29
2021-01-26,10500.52,10500.52,10485.4,10490.0,0.33
2021-01-27,10469.88,10475.0,10433.14,10475.0,-0.14
2021-01-28,10444.18,10468.0,10431.04,10468.0,-0.07
2021-01-29,10426.13,10468.0,10418.42,10468.0,0.0
2021-02-01,10430.15,10486.45,10430.15,10475.0,0.07
2021-02-02,10486.62,10486.62,10425.83,10440.0,-0.33
2021-02-03,10413.8,10516.78,10413.8,10450.0,0.1
2021-02-04,10494.02,10494.02,10426.28,10450.0,0.0
2021-02-05,10448.32,10511.53,10440.0,10445.0,-0.05
2021-02-08,10460.75,10511.87,10430.0,10445.0,0.0
2021-02-09,10483.81,10483.81,10420.0,10420.0,-0.24
2021-02-10,10421.49,10507.51,10421.49,10430.0,0.1
2021-02-11,10507.9,10507.9,10435.0,10435.0,0.05
2021-02-12,10502.58,10515.7,10430.0,10430.0,-0.05
2021-02-15,10495.07,10516.66,10440.0,10440.0,0.1
2021-02-16,10502.11,10516.66,10440.0,10516.66,0.73
2021-02-17,10560.6,10560.6,10445.0,10445.0,-0.68
2021-02-18,10507.05,10507.05,10420.0,10420.0,-0.24
2021-02-19,10471.74,10503.82,10414.0,10414.0,-0.06
2021-02-22,10513.65,10520.5,10430.0,10520.5,1.02
2021-02-23,10485.0,10513.68,10450.0,10450.0,-0.67
2021-02-24,10511.26,10522.84,10452.0,10452.0,0.02
2021-02-25,10506.65,10506.65,10454.0,10454.0,0.02
2021-02-26,10493.56,10506.65,10493.56,10506.65,0.5
2021-03-01,10516.57,10516.57,10488.4,10493.56,-0.12
2021-03-02,10499.21,10499.21,10400.0,10417.0,-0.73
2021-03-03,10418.85,10459.35,10387.0,10400.0,-0.16
2021-03-04,10459.05,10459.05,10387.0,10387.0,-0.13
2021-03-05,10482.36,10482.36,10377.0,10377.0,-0.1
2021-03-08,10422.11,10452.78,10390.0,10390.0,0.13
2021-03-09,10473.88,10473.88,10395.0,10395.0,0.05
2021-03-10,10483.62,10483.62,10397.0,10397.0,0.02
2021-03-11,10412.01,10486.37,10412.01,10425.0,0.27
2021-03-12,10484.97,10484.97,10430.0,10430.0,0.05
2021-03-15,10476.31,10486.24,10428.0,10457.56,0.26
2021-03-16,10485.58,10507.14,10438.0,10438.0,-0.19
2021-03-17,10491.34,10491.34,10435.0,10436.0,-0.02
2021-03-18,10480.62,10480.62,10413.0,10435.0,-0.01
2021-03-19,10512.43,10512.43,10410.0,10410.0,-0.24
2021-03-22,10489.46,10489.46,10400.0,10486.99,0.74
2021-03-23,10471.79,10471.79,10375.0,10375.0,-1.07
2021-03-24,10495.41,10495.41,10375.0,10396.0,0.2
2021-03-25,10497.13,10497.13,10450.0,10450.0,0.52
2021-03-26,10479.07,10479.07,10450.75,10460.0,0.1
2021-03-29,10446.76,10470.0,10446.76,10470.0,0.1
2021-03-30,10457.17,10457.17,10440.0,10440.0,-0.29
2021-03-31,10453.88,10453.88,10435.0,10435.0,-0.05
2021-04-01,10448.05,10457.22,10448.05,10450.0,0.14
2021-04-02,10423.33,10450.0,10423.33,10450.0,0.0
2021-04-05,10431.35,10452.63,10431.35,10442.0,-0.08
2021-04-06,10387.42,10444.62,10387.42,10444.62,0.03
2021-04-07,10386.35,10454.56,10386.35,10443.4,-0.01
2021-04-08,10472.44,10472.44,10449.38,10454.56,0.11
2021-04-09,10399.85,10449.38,10399.85,10449.38,-0.05
2021-04-12,10437.01,10449.81,10425.0,10427.0,-0.21
2021-04-13,10462.71,10462.71,10425.0,10425.0,-0.02
2021-04-14,10468.5,10468.5,10452.0,10452.0,0.26
2021-04-15,10464.14,10464.14,10456.0,10456.0,0.04
2021-04-16,10482.85,10482.85,10463.0,10463.0,0.07
2021-04-19,10501.86,10515.66,10493.18,10493.18,0.29
2021-04-20,10506.01,10506.01,10470.0,10470.0,-0.22
2021-04-21,10523.13,10523.13,10472.0,10480.0,0.1
2021-04-22,10501.84,10501.84,10470.0,10472.0,-0.08
2021-04-23,10512.98,10512.98,10475.0,10475.0,0.03
2021-04-26,10520.67,10520.67,10470.0,10475.91,0.01
2021-04-27,10530.3,10539.5,10450.0,10460.0,-0.15
2021-04-28,10505.29,10505.29,10450.0,10450.0,-0.1
2021-04-29,10421.18,10478.08,10421.18,10450.0,0.0
2021-04-30,10480.5,10490.86,10455.0,10455.0,0.05
2021-05-03,10534.09,10546.41,10465.0,10546.41,0.87
2021-05-04,10494.84,10500.0,10482.4,10500.0,-0.44
2021-05-05,10476.91,10500.0,10472.97,10490.0,-0.1
2021-05-06,10465.07,10475.0,10465.07,10475.0,-0.14
2021-05-07,10462.75,10475.0,10453.0,10453.0,-0.21
2021-05-10,10387.09,10504.16,10385.64,10385.64,-0.64
2021-05-11,10532.61,10532.61,10480.0,10480.0,0.91
2021-05-12,10515.78,10531.39,10495.0,10510.28,0.29
2021-05-13,10551.91,10551.91,10495.0,10495.0,-0.15
2021-05-14,10516.25,10521.08,10505.0,10505.0,0.1
2021-05-17,10505.6,10539.16,10500.0,10500.0,-0.05
2021-05-18,10536.96,10536.96,10515.0,10515.0,0.14
2021-05-19,10560.35,10560.35,10517.0,10517.0,0.02
2021-05-20,10555.92,10555.92,10515.0,10515.0,-0.02
2021-05-21,10551.67,10551.67,10518.0,10527.0,0.11
2021-05-24,10582.68,10582.68,10515.0,10515.0,-0.11
2021-05-25,10543.11,10568.0,10515.0,10550.0,0.33
2021-05-26,10575.43,10587.07,10525.0,10525.0,-0.24
2021-05-27,10624.81,10624.81,10530.0,10530.0,0.05
2021-05-28,10578.51,10578.51,10520.0,10520.0,-0.09
2021-05-31,10539.92,10540.5,10525.0,10525.0,0.05
2021-06-01,10505.12,10540.5,10505.12,10540.5,0.15
2021-06-02,10534.03,10534.03,10510.0,10510.0,-0.29
2021-06-03,10497.36,10506.52,10475.0,10475.0,-0.33
2021-06-04,10562.62,10562.62,10480.0,10480.0,0.05
2021-06-07,10468.43,10502.51,10447.0,10447.0,-0.31
2021-06-08,10499.24,10499.24,10447.0,10447.0,0.0
2021-06-09,10525.89,10525.89,10499.24,10499.24,0.5
2021-06-10,10557.42,10557.42,10520.0,10520.0,0.2
2021-06-11,10550.79,10576.94,10447.0,10557.42,0.36
2021-06-14,10613.13,10613.13,10527.0,10527.0,-0.29
2021-06-15,10581.09,10586.44,10545.0,10545.0,0.17
2021-06-16,10582.86,10587.39,10566.0,10566.0,0.2
2021-06-17,10700.61,10700.61,10520.0,10566.0,0.0
2021-06-18,10540.04,10540.04,10520.0,10520.0,-0.44
2021-06-21,10556.89,10556.89,10520.0,10520.0,0.0
2021-06-22,10545.99,10550.69,10536.0,10536.0,0.15
2021-06-23,10517.58,10541.16,10511.0,10535.0,-0.01
2021-06-24,10553.53,10560.96,10511.0,10511.0,-0.23
2021-06-25,10547.76,10547.76,10514.0,10514.0,0.03
2021-06-28,10537.69,10555.19,10537.69,10540.34,0.25
2021-06-29,10560.5,10560.5,10546.0,10546.0,0.05
2021-06-30,10565.69,10565.69,10555.0,10555.0,0.09
2021-07-01,10558.94,10558.94,10550.0,10550.0,-0.05
2021-07-02,10581.18,10581.18,10530.0,10530.0,-0.19
2021-07-05,10556.5,10563.15,10550.23,10550.23,0.19
2021-07-06,10577.22,10577.22,10543.0,10563.15,0.12
2021-07-07,10589.05,10589.05,10500.0,10500.0,-0.6
2021-07-08,10599.63,10599.63,10500.0,10500.0,0.0
2021-07-09,10601.01,10601.01,10530.0,10530.0,0.29
2021-07-12,10575.25,10588.73,10574.09,10574.09,0.42
2021-07-13,10624.03,10624.03,10535.0,10535.0,-0.37
2021-07-14,10625.38,10625.38,10575.0,10575.0,0.38
2021-07-15,10598.27,10629.48,10560.0,10560.0,-0.14
2021-07-16,10635.33,10635.33,10560.0,10560.0,0.0
2021-07-19,10596.32,10596.32,10568.62,10593.53,0.32
2021-07-20,10551.92,10570.12,10548.0,10550.44,-0.41
2021-07-21,10570.84,10570.84,10548.0,10548.0,-0.02
2021-07-22,10553.86,10572.97,10550.0,10550.0,0.02
2021-07-23,10580.78,10584.07,10550.0,10550.0,0.0
2021-07-26,10583.13,10628.7,10515.0,10578.81,0.27
2021-07-27,10613.13,10629.02,10540.0,10540.0,-0.37
2021-07-28,10606.26,10618.65,10570.0,10570.0,0.28
2021-07-29,10582.52,10597.31,10570.0,10570.0,0.0
2021-07-30,10588.93,10612.31,10588.93,10597.31,0.26
2021-08-02,10641.68,10641.68,10612.31,10612.31,0.14
2021-08-03,10641.21,10641.21,10617.04,10624.12,0.11
2021-08-04,10640.22,10640.22,10570.0,10617.04,-0.07
2021-08-05,10626.73,10626.73,10535.0,10535.0,-0.77
2021-08-06,10606.72,10606.72,10550.0,10550.0,0.14
2021-08-09,10636.69,10636.69,10607.84,10626.25,0.72
2021-08-10,10624.02,10624.02,10600.51,10607.84,-0.17
2021-08-11,10609.92,10633.02,10600.51,10600.51,-0.07
2021-08-12,10605.89,10640.37,10605.89,10633.02,0.31
2021-08-13,10641.23,10651.39,10640.37,10640.37,0.07
2021-08-16,10611.3,10653.2,10611.3,10651.39,0.1
2021-08-17,10669.82,10669.82,10623.42,10653.2,0.02
2021-08-18,10622.34,10623.42,10622.34,10623.42,-0.28
2021-08-19,10610.44,10622.34,10610.44,10622.34,-0.01
2021-08-20,10584.0,10610.44,10580.0,10610.44,-0.11
2021-08-23,10612.16,10612.16,10575.0,10587.17,-0.22
2021-08-24,10600.68,10600.68,10580.0,10580.0,-0.07
2021-08-25,10580.0,10626.53,10580.0,10580.0,0.0
2021-08-26,10605.08,10624.06,10600.0,10600.0,0.19
2021-08-27,10650.97,10650.97,10580.0,10580.0,-0.19
2021-08-30,10569.49,10623.87,10569.49,10610.3,0.29
2021-08-31,10616.89,10623.87,10598.04,10623.87,0.13
2021-09-01,10651.46,10651.46,10615.04,10615.04,-0.08
2021-09-02,10618.87,10643.44,10618.87,10640.88,0.24
2021-09-03,10615.94,10643.44,10615.94,10643.44,0.02
2021-09-06,10632.95,10655.12,10632.95,10637.74,-0.05
2021-09-07,10666.88,10666.88,10655.12,10655.12,0.16
2021-09-08,10651.98,10666.88,10651.98,10666.88,0.11
2021-09-09,10655.66,10655.66,10651.98,10651.98,-0.14
2021-09-10,10636.89,10655.66,10636.89,10655.66,0.03
2021-09-13,10662.12,10662.12,10580.0,10636.89,-0.18
2021-09-14,10609.08,10654.85,10600.0,10600.0,-0.35
2021-09-15,10654.94,10675.55,10600.0,10600.0,0.0
2021-09-16,10656.0,10684.0,10656.0,10660.0,0.57
2021-09-17,10682.06,10682.06,10625.0,10625.0,-0.33
2021-09-20,10697.99,10697.99,10624.0,10624.0,-0.01
2021-09-21,10645.55,10656.29,10625.0,10625.0,0.01
2021-09-22,10671.56,10671.56,10590.0,10590.0,-0.33
2021-09-23,10690.45,10690.45,10595.0,10595.0,0.05
2021-09-24,10622.03,10638.54,10590.0,10590.0,-0.05
2021-09-27,10655.79,10655.79,10600.0,10600.0,0.09
2021-09-28,10653.03,10653.03,10625.0,10625.0,0.24
2021-09-29,10636.18,10647.05,10620.0,10620.0,-0.05
2021-09-30,10696.74,10696.74,10620.0,10620.0,0.0
2021-10-01,10666.59,10666.59,10640.0,10640.0,0.19
2021-10-04,10643.55,10661.51,10640.0,10640.0,0.0
2021-10-05,10670.33,10670.33,10620.0,10620.0,-0.19
2021-10-06,10659.16,10659.16,10620.0,10620.0,0.0
2021-10-07,10638.41,10647.06,10610.0,10640.57,0.19
2021-10-08,10650.75,10651.71,10625.0,10625.0,-0.15
2021-10-11,10639.24,10644.3,10636.8,10644.3,0.18
2021-10-12,10651.9,10651.9,10610.0,10636.8,-0.07
2021-10-13,10646.03,10670.64,10620.0,10620.0,-0.16
2021-10-14,10635.77,10678.23,10635.77,10650.0,0.28
2021-10-15,10696.0,10696.0,10640.0,10640.0,-0.09
2021-10-18,10698.77,10698.77,10655.0,10655.0,0.14
2021-10-19,10642.89,10672.88,10625.0,10650.0,-0.05
2021-10-20,10695.77,10695.77,10625.0,10625.0,-0.23
2021-10-21,10631.05,10651.03,10620.0,10620.0,-0.05
2021-10-22,10665.14,10665.14,10652.0,10652.0,0.3
2021-10-25,10653.5,10664.61,10650.0,10654.0,0.02
2021-10-26,10682.99,10682.99,10653.01,10655.0,0.01
2021-10-27,10672.02,10672.02,10640.0,10640.0,-0.14
2021-10-28,10647.69,10651.79,10645.0,10645.0,0.05
2021-10-29,10581.95,10646.87,10581.95,10640.0,-0.05
2021-11-01,10733.75,10733.75,10640.0,10640.0,0.0
2021-11-02,10621.14,10678.37,10621.14,10650.0,0.09
2021-11-03,10696.02,10696.02,10655.0,10655.0,0.05
2021-11-04,10649.78,10655.18,10649.78,10650.0,-0.05
2021-11-05,10658.74,10669.78,10640.0,10640.0,-0.09
2021-11-08,10651.03,10659.67,10650.0,10650.0,0.09
2021-11-09,10654.93,10660.0,10649.17,10660.0,0.09
2021-11-10,10638.7,10683.75,10638.7,10640.0,-0.19
2021-11-11,10749.78,10749.78,10640.0,10640.0,0.0
2021-11-12,10730.86,10730.86,10670.0,10698.4,0.55
2021-11-15,10692.13,10700.0,10675.0,10675.0,-0.22
2021-11-16,10711.09,10711.09,10700.0,10700.0,0.23
2021-11-17,10722.13,10745.85,10705.0,10705.0,0.05
2021-11-18,10735.21,10735.21,10705.0,10705.0,0.0
2021-11-19,10725.71,10748.0,10705.12,10748.0,0.4
2021-11-22,10725.96,10748.0,10705.12,10705.12,-0.4
2021-11-23,10762.5,10762.5,10731.03,10740.0,0.33
2021-11-24,10737.67,10745.0,10716.54,10745.0,0.05
2021-11-25,10724.48,10724.48,10715.0,10715.0,-0.28
2021-11-26,10727.76,10746.58,10715.0,10723.69,0.08
2021-11-29,10740.29,10757.18,10740.29,10747.0,0.22
2021-11-30,10754.7,10754.7,10740.0,10740.0,-0.07
2021-12-01,10774.58,10774.58,10730.0,10730.0,-0.09
2021-12-02,10729.23,10735.0,10729.23,10735.0,0.05
2021-12-03,10768.68,10768.68,10727.66,10730.0,-0.05
2021-12-06,10742.95,10750.0,10723.25,10723.25,-0.06
2021-12-07,10748.64,10752.72,10730.0,10730.0,0.06
2021-12-08,10730.41,10757.74,10730.41,10742.0,0.11
2021-12-09,10695.86,10771.08,10695.86,10760.0,0.17
2021-12-10,10772.17,10786.15,10772.17,10786.15,0.24
2021-12-13,10740.96,10795.67,10731.42,10731.42,-0.51
2021-12-14,10788.64,10818.52,10788.64,10800.0,0.64
2021-12-15,10863.31,10863.31,10800.0,10815.0,0.14
2021-12-16,10798.04,10800.87,10798.04,10800.0,-0.14
2021-12-17,10786.75,10791.07,10786.75,10790.0,-0.09
2021-12-20,10867.5,10867.5,10780.0,10865.47,0.7
2021-12-21,10780.03,10805.01,10780.0,10780.0,-0.79
2021-12-22,10805.01,10817.56,10785.0,10785.0,0.05
2021-12-23,10778.93,10823.17,10778.93,10800.0,0.14
2021-12-24,10765.72,10775.0,10765.72,10775.0,-0.23
2021-12-27,10776.18,10776.39,10750.0,10750.0,-0.23
2021-12-28,10762.68,10780.05,10750.0,10780.0,0.28
2021-12-29,10810.53,10810.53,10780.0,10780.0,0.0
2021-12-30,10737.21,10791.38,10737.21,10785.0,0.05
2021-12-31,10794.48,10794.48,10770.0,10770.0,-0.14
2022-01-03,10751.8,10793.79,10751.8,10770.0,0.0
2022-01-04,10836.32,10836.32,10784.28,10800.0,0.28
2022-01-05,10779.64,10792.46,10770.0,10775.0,-0.23
2022-01-06,10791.23,10791.23,10770.0,10770.0,-0.05
2022-01-07,10800.62,10800.62,10765.0,10765.0,-0.05
2022-01-10,10743.38,10800.0,10734.11,10734.11,-0.29
2022-01-11,10776.54,10800.0,10776.54,10800.0,0.61
2022-01-12,10757.49,10830.0,10757.49,10825.0,0.23
2022-01-13,10714.44,10830.0,10714.44,10830.0,0.05
2022-01-14,10784.79,10825.0,10784.53,10825.0,-0.05
2022-01-17,10831.57,10831.57,10808.4,10819.0,-0.06
2022-01-18,10804.47,10819.0,10804.47,10808.4,-0.1
2022-01-19,10870.53,10870.53,10775.0,10775.0,-0.31
2022-01-20,10766.05,10805.0,10766.05,10800.0,0.23
2022-01-21,10808.4,10808.4,10789.92,10805.0,0.05
2022-01-24,10779.98,10815.0,10779.98,10815.0,0.09
2022-01-25,10775.27,10800.0,10775.27,10800.0,-0.14
2022-01-26,10754.9,10801.0,10754.9,10801.0,0.01
2022-01-27,10830.95,10830.95,10781.46,10790.0,-0.1
2022-01-28,10797.57,10797.57,10780.18,10785.0,-0.05
2022-01-31,10764.47,10785.93,10764.47,10771.14,-0.13
2022-02-01,10719.49,10783.24,10719.49,10775.0,0.04
2022-02-02,10778.99,10790.0,10778.99,10790.0,0.14
2022-02-03,10797.72,10800.0,10793.8,10800.0,0.09
2022-02-04,10642.38,10807.88,10642.38,10800.0,0.0
2022-02-07,10839.62,10839.62,10820.3,10825.0,0.23
2022-02-08,10830.24,10840.0,10822.29,10840.0,0.14
2022-02-09,10825.32,10825.32,10800.0,10822.29,-0.16
2022-02-10,10823.75,10823.75,10805.0,10805.0,-0.16
2022-02-11,10848.71,10848.71,10820.81,10825.0,0.19
2022-02-14,10859.6,10863.9,10810.0,10863.9,0.36
2022-02-15,10830.13,10830.13,10810.0,10820.0,-0.4
2022-02-16,10807.03,10810.41,10807.03,10810.0,-0.09
2022-02-17,10809.51,10809.51,10805.0,10805.0,-0.05
2022-02-18,10812.39,10826.08,10812.39,10825.0,0.19
2022-02-21,10834.14,10834.14,10809.81,10810.0,-0.14
2022-02-22,10852.65,10852.65,10808.42,10809.81,0.0
2022-02-23,10820.82,10830.0,10808.32,10830.0,0.19
2022-02-24,10854.78,10854.78,10810.0,10810.0,-0.18
2022-02-25,10780.2,10820.0,10780.2,10820.0,0.09
2022-02-28,10822.73,10830.0,10729.42,10729.42,-0.84
2022-03-01,10838.57,10855.0,10838.57,10855.0,1.17
2022-03-02,10838.0,10840.0,10838.0,10838.57,-0.15
2022-03-03,10861.68,10861.68,10845.0,10845.0,0.06
2022-03-04,10931.64,10931.64,10870.0,10888.97,0.41
2022-03-07,10847.84,10920.54,10847.84,10920.54,0.29
2022-03-08,10851.34,10865.0,10850.88,10865.0,-0.51
2022-03-09,10844.61,10870.88,10844.61,10855.0,-0.09
2022-03-10,10789.23,10883.28,10789.23,10875.0,0.18
2022-03-11,10938.85,10938.85,10849.06,10920.0,0.41
2022-03-14,10961.4,10961.4,10920.0,10960.0,0.37
2022-03-15,10949.75,10953.0,10861.21,10953.0,-0.06
2022-03-16,10886.03,11125.0,10880.12,11125.0,1.57
2022-03-17,10838.59,11305.77,10838.59,11300.0,1.57
2022-03-18,11261.41,11300.0,11261.41,11300.0,0.0
2022-03-21,11271.79,11479.11,11271.79,11460.0,1.42
2022-03-22,11475.0,11514.81,11442.56,11475.0,0.13
2022-03-23,11449.83,11474.69,11449.83,11470.0,-0.04
2022-03-24,11448.74,11508.26,11448.74,11470.0,0.0
2022-03-25,11484.72,11484.72,11450.0,11450.0,-0.17
2022-03-28,11450.12,11512.84,11440.0,11512.84,0.55
2022-03-29,11470.68,11470.68,11434.0,11434.0,-0.68
2022-03-30,11389.73,11442.59,11389.73,11412.0,-0.19
2022-03-31,11396.66,11412.0,11358.17,11412.0,0.0
2022-04-01,11395.01,11395.01,11375.0,11375.0,-0.32
2022-04-04,11391.92,11393.67,11370.37,11393.67,0.16
2022-04-05,11398.75,11398.75,11351.2,11375.0,-0.16
2022-04-06,11430.54,11430.54,11336.88,11370.0,-0.04
2022-04-07,11338.49,11350.0,11329.19,11350.0,-0.18
2022-04-08,11363.82,11363.82,11316.8,11350.0,0.0
2022-04-11,11309.94,11320.0,11307.83,11320.0,-0.26
2022-04-12,11337.78,11337.78,11284.4,11300.0,-0.18
2022-04-13,11335.58,11335.58,11297.9,11300.0,0.0
2022-04-14,11242.89,11305.0,11242.89,11305.0,0.04
2022-04-15,11387.95,11387.95,11280.0,11280.0,-0.22
2022-04-18,11397.17,11397.17,11270.0,11270.0,-0.09
2022-04-19,11420.96,11420.96,11231.73,11250.0,-0.18
2022-04-20,11224.71,11250.0,11224.71,11230.0,-0.18
2022-04-21,11249.1,11287.41,11249.1,11250.0,0.18
2022-04-22,11331.73,11332.51,11221.07,11332.51,0.73
2022-04-25,11241.02,11258.26,11227.7,11258.26,-0.66
2022-04-26,11221.94,11240.0,11200.35,11220.0,-0.34
2022-04-27,11241.65,11241.65,11197.9,11240.0,0.18
2022-04-28,11264.25,11264.25,11157.68,11200.0,-0.36
2022-04-29,11148.29,11160.0,11142.06,11160.0,-0.36
2022-05-02,11178.89,11178.89,11140.0,11140.0,-0.18
2022-05-03,11147.39,11147.39,11078.07,11140.0,0.0
2022-05-04,11107.28,11130.0,11107.28,11130.0,-0.09
2022-05-05,11040.6,11145.34,11040.6,11130.0,0.0
2022-05-06,11188.11,11188.11,11081.54,11100.0,-0.27
2022-05-09,11155.8,11155.8,11092.33,11100.0,0.0
2022-05-10,11068.96,11118.65,11068.96,11110.0,0.09
2022-05-11,11151.43,11151.43,11140.0,11140.0,0.27
2022-05-12,11174.54,11174.54,11129.24,11140.0,0.0
2022-05-13,11193.89,11193.89,11124.25,11135.0,-0.04
2022-05-16,11108.39,11130.0,11097.89,11130.0,-0.04
2022-05-17,11120.79,11375.0,11120.79,11135.0,0.04
2022-05-18,11113.41,11125.0,11113.41,11125.0,-0.09
2022-05-19,11103.92,11103.92,11100.0,11100.0,-0.22
2022-05-20,11071.39,11071.39,11040.0,11040.0,-0.54
2022-05-23,11069.87,11069.87,11045.0,11045.0,0.05
2022-05-24,11068.74,11068.74,11045.0,11045.0,0.0
2022-05-25,11028.4,11031.59,11028.4,11030.0,-0.14
2022-05-26,10990.11,11025.0,10990.11,11025.0,-0.05
2022-05-27,10994.34,11005.0,10994.34,11005.0,-0.18
2022-05-30,10969.34,11000.0,10969.34,11000.0,-0.05
2022-05-31,11032.28,11032.28,10997.02,10997.02,-0.03
2022-06-01,10968.61,10968.61,10945.47,10955.0,-0.38
2022-06-02,11009.87,11009.87,10950.0,10950.0,-0.05
2022-06-03,10882.38,10970.0,10882.38,10970.0,0.18
2022-06-06,10986.84,10986.84,10980.46,10983.51,0.12
2022-06-07,11024.86,11024.86,10999.89,11000.0,0.15
2022-06-08,10979.11,11005.0,10979.11,11005.0,0.05
2022-06-09,11014.76,11014.76,10988.32,11004.49,0.0
2022-06-10,11083.69,11083.69,10976.86,11000.0,-0.04
2022-06-13,11085.43,11085.43,10977.05,11050.65,0.46
2022-06-14,11020.44,11020.44,10939.54,10970.0,-0.73
2022-06-15,10940.8,10970.0,10924.33,10939.54,-0.28
2022-06-16,10956.72,10956.72,10924.33,10924.33,-0.14
2022-06-17,10785.5,10933.56,10785.5,10932.83,0.08
2022-06-20,10962.47,10962.47,10921.31,10958.4,0.23
2022-06-21,10916.33,10925.0,10862.62,10921.31,-0.34
2022-06-22,10903.02,10903.02,10812.17,10875.0,-0.42
2022-06-23,10758.59,10820.0,10758.59,10820.0,-0.51
2022-06-24,10783.45,10800.0,10783.45,10800.0,-0.18
2022-06-27,10777.27,10810.0,10777.27,10810.0,0.09
2022-06-28,10799.18,10800.0,10769.3,10800.0,-0.09
2022-06-29,10826.01,10826.01,10769.3,10769.3,-0.28
2022-06-30,10908.58,10908.58,10820.6,10820.6,0.48
2022-07-01,10758.89,10829.74,10758.89,10829.74,0.08
2022-07-04,10833.67,10833.67,10801.6,10813.35,-0.15
2022-07-05,10821.69,10825.48,10801.6,10801.6,-0.11
2022-07-06,10860.75,10860.75,10825.48,10825.48,0.22
2022-07-07,10861.59,10861.59,10852.09,10855.67,0.28
2022-07-08,10856.94,10880.02,10845.28,10852.09,-0.03
2022-07-11,10868.13,10905.32,10836.17,10836.17,-0.15
2022-07-12,10964.84,10964.84,10878.34,10905.32,0.64
2022-07-13,10874.6,10900.46,10874.6,10878.34,-0.25
2022-07-14,10942.44,10942.44,10900.46,10900.46,0.2
2022-07-15,10895.35,10919.3,10895.35,10900.79,0.0
2022-07-18,10879.21,10914.81,10879.21,10897.95,-0.03
2022-07-19,10944.49,10944.49,10914.81,10914.81,0.15
2022-07-20,10935.47,10935.47,10862.39,10917.31,0.02
2022-07-21,10885.37,10885.37,10860.92,10862.39,-0.5
2022-07-22,10848.52,10894.35,10848.52,10860.92,-0.01
2022-07-25,10873.87,10929.66,10840.07,10840.07,-0.19
2022-07-26,10938.69,10938.69,10924.73,10929.66,0.83
2022-07-27,10936.36,10936.36,10895.0,10924.73,-0.05
2022-07-28,10870.72,10900.0,10800.0,10900.0,-0.23
2022-07-29,10803.42,10900.0,10800.0,10900.0,0.0
2022-08-01,10900.01,10910.98,10890.0,10890.0,-0.09
2022-08-02,10873.1,10940.0,10873.1,10940.0,0.46
2022-08-03,10999.46,10999.46,10900.79,10950.0,0.09
2022-08-04,10932.53,10940.0,10899.77,10940.0,-0.09
2022-08-05,10842.73,10900.0,10842.73,10900.0,-0.37
2022-08-08,10960.82,10960.82,10843.68,10941.93,0.38
2022-08-09,10851.55,10875.0,10839.29,10870.0,-0.66
2022-08-10,10859.25,10880.0,10859.25,10880.0,0.09
2022-08-11,10811.69,10880.0,10811.69,10880.0,0.0
2022-08-12,10894.15,10900.0,10880.0,10900.0,0.18
2022-08-15,10914.59,10914.59,10876.23,10900.0,0.0
2022-08-16,10930.38,10933.58,10897.0,10897.0,-0.03
2022-08-17,10896.27,10960.0,10896.27,10960.0,0.58
2022-08-18,10896.63,10940.0,10896.63,10919.51,-0.37
2022-08-19,11001.63,11001.63,10885.05,10900.0,-0.18
2022-08-22,10917.35,10917.35,10861.95,10899.46,0.0
2022-08-23,10942.71,10942.71,10853.96,10890.0,-0.09
2022-08-24,10820.49,10880.0,10820.49,10880.0,-0.09
2022-08-25,10802.97,10900.0,10802.97,10900.0,0.18
2022-08-26,10897.18,10905.58,10897.18,10900.0,0.0
2022-08-29,10991.46,10991.46,10902.16,10952.03,0.48
2022-08-30,10874.49,10890.0,10853.04,10890.0,-0.57
2022-08-31,10869.44,10910.0,10869.44,10910.0,0.18
2022-09-01,10844.72,10950.0,10844.72,10950.0,0.37
2022-09-02,10991.86,10991.86,10924.35,10950.0,0.0
2022-09-05,11012.32,11012.32,10922.78,10950.0,0.0
2022-09-06,10885.36,10950.0,10885.36,10950.0,0.0
2022-09-07,10984.9,10984.9,10810.0,10955.0,0.05
2022-09-08,10839.43,10980.0,10839.43,10980.0,0.23
2022-09-09,10906.14,10980.0,10906.14,10980.0,0.0
2022-09-12,10944.54,10945.0,10858.24,10858.24,-1.11
2022-09-13,10917.75,10940.0,10901.22,10940.0,0.75
2022-09-14,11122.17,11122.17,10906.25,10940.0,0.0
2022-09-15,10941.62,10941.62,10884.89,10906.25,-0.31
2022-09-16,10859.77,10925.0,10859.77,10925.0,0.17
2022-09-19,10812.04,10920.07,10806.8,10806.8,-1.08
2022-09-20,10883.72,10960.0,10883.72,10960.0,1.42
2022-09-21,10991.76,11130.0,10922.89,10925.0,-0.32
2022-09-22,10950.0,11130.0,10950.0,11130.0,1.88
2022-09-23,11010.73,11010.73,10966.12,10990.0,-1.26
2022-09-26,11176.46,11176.46,11006.44,11043.7,0.49
2022-09-27,11017.98,11020.0,11000.0,11020.0,-0.21
2022-09-28,11075.37,11075.37,11000.0,11000.0,-0.18
2022-09-29,10856.6,10980.64,10856.6,10980.0,-0.18
2022-09-30,10854.96,10983.56,10854.96,10980.64,0.01
2022-10-03,10933.14,10985.0,10933.14,10985.0,0.04
2022-10-04,10898.31,10985.0,10898.31,10985.0,0.0
2022-10-05,11000.0,11000.0,10975.73,10979.57,-0.05
2022-10-06,10983.59,11050.0,10983.59,11017.59,0.35
2022-10-07,11131.58,11131.58,11008.85,11050.0,0.29
2022-10-10,11013.23,11078.64,10980.0,11078.64,0.26
2022-10-11,10984.45,11029.55,10980.0,10980.0,-0.89
2022-10-12,11047.91,11061.11,11047.91,11050.0,0.64
2022-10-13,11061.4,11075.0,11061.4,11075.0,0.23
2022-10-14,11010.02,11100.0,11010.02,11100.0,0.23
2022-10-17,11061.05,11105.0,11061.05,11105.0,0.05
2022-10-18,10992.27,11101.59,10992.27,11100.0,-0.05
2022-10-19,11060.56,11140.0,11060.56,11100.0,0.0
2022-10-20,11140.9,11140.9,11103.45,11140.0,0.36
2022-10-21,11154.42,11154.42,11097.84,11141.0,0.01
2022-10-24,10992.78,11120.0,10976.01,10976.01,-1.48
2022-10-25,11009.62,11110.0,11009.62,11110.0,1.22
2022-10-26,10993.67,11120.0,10993.67,11120.0,0.09
2022-10-27,11032.91,11150.0,11032.91,11150.0,0.27
2022-10-28,11213.05,11213.05,11153.03,11155.0,0.04
2022-10-31,11144.56,11155.0,11144.56,11155.0,0.0
2022-11-01,11190.27,11190.27,11092.04,11148.52,-0.06
2022-11-02,11146.72,11146.72,11067.42,11100.0,-0.44
2022-11-03,11146.55,11146.55,11061.57,11100.0,0.0
2022-11-04,11053.19,11107.0,11053.19,11107.0,0.06
2022-11-07,10947.57,11136.59,10947.57,10967.33,-1.26
2022-11-08,11099.28,11120.31,11099.28,11120.0,1.39
2022-11-09,11048.11,11150.0,11048.11,11150.0,0.27
2022-11-10,11168.12,11168.12,11155.29,11160.0,0.09
2022-11-11,10913.24,11180.0,10913.24,11180.0,0.18
2022-11-14,11134.63,11161.4,11084.4,11084.4,-0.86
2022-11-15,11119.48,11175.0,11119.48,11175.0,0.82
2022-11-16,11211.71,11211.71,11150.2,11160.0,-0.13
2022-11-17,11192.69,11192.69,11171.6,11180.0,0.18
2022-11-18,11149.94,11200.0,11149.94,11200.0,0.18
2022-11-21,11236.63,11236.63,11173.94,11200.0,0.0
2022-11-22,11139.85,11180.49,11139.85,11175.0,-0.22
2022-11-23,11131.47,11200.0,11131.47,11200.0,0.22
2022-11-24,11078.07,11202.0,11078.07,11202.0,0.02
2022-11-25,11191.8,11207.95,11191.8,11200.41,-0.01
2022-11-28,11258.21,11258.21,11202.0,11202.0,0.01
2022-11-29,11318.7,11318.7,11189.83,11200.0,-0.02
2022-11-30,11216.97,11216.97,11166.38,11200.0,0.0
2022-12-01,11097.3,11190.75,11097.3,11190.0,-0.09
2022-12-02,11114.16,11231.49,11114.16,11200.0,0.09
2022-12-05,11190.68,11255.0,11190.68,11223.97,0.21
2022-12-06,11300.21,11300.21,11252.85,11255.0,0.28
2022-12-07,11300.13,11300.13,11224.93,11270.0,0.13
2022-12-08,11214.08,11250.0,11214.08,11250.0,-0.18
2022-12-09,11151.94,11250.0,11151.94,11250.0,0.0
2022-12-12,11263.99,11263.99,11226.66,11226.66,-0.21
2022-12-13,11258.22,11266.29,11231.39,11231.39,0.04
2022-12-14,11146.95,11275.0,11146.95,11275.0,0.39
2022-12-15,11211.3,11245.0,11203.48,11245.0,-0.27
2022-12-16,11178.58,11236.44,11178.58,11230.0,-0.13
2022-12-19,11263.09,11269.99,11254.14,11269.99,0.36
2022-12-20,11254.56,11280.0,11250.65,11280.0,0.09
2022-12-21,11267.71,11270.0,11219.64,11270.0,-0.09
2022-12-22,11196.74,11250.0,11189.17,11250.0,-0.18
2022-12-23,11205.68,11220.0,11170.24,11220.0,-0.27
2022-12-26,11169.72,11200.0,11169.72,11200.0,-0.18
2022-12-27,11132.86,11180.0,11132.86,11180.0,-0.18
2022-12-28,11150.93,11170.46,11150.0,11150.0,-0.27
2022-12-29,11183.23,11189.09,11180.0,11180.0,0.27
2022-12-30,11169.41,11214.55,11169.41,11200.0,0.18
2023-01-02,11187.46,11230.0,11187.46,11230.0,0.27
2023-01-03,11240.41,11240.41,11213.52,11215.16,-0.13
2023-01-04,11172.13,11235.0,11172.13,11235.0,0.18
2023-01-05,11213.91,11261.19,11213.91,11235.0,0.0
2023-01-06,11347.32,11347.32,11280.0,11280.0,0.4
2023-01-09,11103.69,11300.0,11103.69,11300.0,0.18
2023-01-10,11197.65,11280.0,11197.65,11280.0,-0.18
2023-01-11,11276.88,11295.32,11276.88,11280.0,0.0
2023-01-12,11270.67,11300.0,11267.54,11300.0,0.18
2023-01-13,11170.85,11290.0,11170.85,11290.0,-0.09
2023-01-16,11310.24,11310.24,11246.78,11246.78,-0.38
2023-01-17,11319.49,11319.49,11295.76,11310.24,0.56
2023-01-18,11323.8,11323.8,11251.23,11295.0,-0.13
2023-01-19,11286.43,11286.43,11252.66,11270.0,-0.22
2023-01-20,11237.86,11285.0,11237.86,11285.0,0.13
2023-01-23,11205.1,11280.0,11205.1,11275.47,-0.08
2023-01-24,11258.21,11270.0,11238.68,11270.0,-0.05
2023-01-25,11210.93,11270.0,11210.93,11238.68,-0.28
2023-01-26,11204.27,11300.52,11204.27,11270.0,0.28
2023-01-27,11302.12,11305.64,11300.0,11300.0,0.27
2023-01-30,11309.13,11309.13,11299.88,11308.35,0.07
2023-01-31,11342.92,11342.92,11237.26,11299.88,-0.07
2023-02-01,11215.42,11249.92,11215.42,11237.26,-0.55
2023-02-02,11127.34,11261.98,11127.34,11260.0,0.2
2023-02-03,11371.97,11371.97,11275.0,11275.0,0.13
2023-02-06,11435.76,11435.76,11306.3,11389.98,1.02
2023-02-07,11336.46,11336.46,11314.74,11320.0,-0.61
2023-02-08,11295.02,11332.33,11295.02,11325.0,0.04
2023-02-09,11348.87,11350.0,11306.73,11350.0,0.22
2023-02-10,11348.71,11348.71,11306.23,11340.0,-0.09
2023-02-13,11338.77,11338.77,11301.27,11301.27,-0.34
2023-02-14,11249.37,11324.19,11249.37,11306.81,0.05
2023-02-15,11344.12,11350.0,11335.03,11350.0,0.38
2023-02-16,11343.61,11362.61,11320.83,11362.61,0.11
2023-02-17,11376.51,11376.51,11312.26,11345.0,-0.15
2023-02-20,11255.99,11289.87,11245.3,11245.3,-0.88
2023-02-21,11297.91,11297.91,11289.87,11289.87,0.4
2023-02-22,11286.77,11295.99,11281.31,11295.99,0.05
2023-02-23,11294.59,11294.59,11281.31,11281.31,-0.13
2023-02-24,11286.75,11320.56,11281.75,11281.75,0.0
2023-02-27,11338.67,11338.67,11310.4,11310.4,0.25
2023-02-28,11290.89,11300.71,11290.89,11300.0,-0.09
2023-03-01,11329.16,11329.16,11300.71,11300.71,0.01
2023-03-02,11336.52,11351.44,11332.98,11340.0,0.35
2023-03-03,11348.47,11360.0,11345.18,11360.0,0.18
2023-03-06,11319.25,11370.0,11319.25,11370.0,0.09
2023-03-07,11292.65,11370.0,11292.65,11370.0,0.0
2023-03-08,11473.17,11473.17,11340.0,11340.0,-0.26
2023-03-09,11347.4,11380.0,11347.4,11380.0,0.35
2023-03-10,11348.34,11400.0,11348.34,11400.0,0.18
2023-03-13,11392.21,11392.21,11301.98,11301.98,-0.86
2023-03-14,11334.97,11408.09,11334.97,11400.0,0.87
2023-03-15,11395.34,11430.0,11395.34,11430.0,0.26
2023-03-16,11404.89,11440.0,11389.44,11440.0,0.09
2023-03-17,11371.06,11400.0,11341.06,11400.0,-0.35
2023-03-20,11293.15,11344.65,11183.15,11183.15,-1.9
2023-03-21,11334.54,11346.14,11334.54,11344.65,1.44
2023-03-22,11354.45,11354.45,11346.14,11346.14,0.01
2023-03-23,11345.71,11354.45,11345.71,11354.45,0.07
2023-03-24,11385.67,11385.67,11345.71,11345.71,-0.08
2023-03-27,11368.36,11395.0,11368.36,11385.67,0.35
2023-03-28,11355.31,11395.0,11355.31,11395.0,0.08
2023-03-29,11380.45,11400.0,11342.9,11342.9,-0.46
2023-03-30,11402.44,11423.0,11400.0,11400.0,0.5
2023-03-31,11366.75,11423.0,11348.07,11423.0,0.2
2023-04-03,11369.01,11395.0,11369.01,11390.0,-0.29
2023-04-04,11364.49,11395.0,11364.49,11395.0,0.04
2023-04-05,11340.68,11370.0,11340.68,11370.0,-0.22
2023-04-06,11331.56,11350.0,11331.56,11350.0,-0.18
2023-04-07,11366.82,11380.0,11331.56,11331.56,-0.16
2023-04-10,11378.07,11400.0,11286.2,11286.2,-0.4
2023-04-11,11383.14,11390.0,11383.14,11390.0,0.92
2023-04-12,11397.92,11400.0,11397.92,11400.0,0.09
2023-04-13,11376.44,11400.0,11376.44,11400.0,0.0
2023-04-14,11419.11,11419.11,11400.0,11400.0,0.0
2023-04-17,11498.19,11498.19,11362.96,11362.96,-0.32
2023-04-18,11467.95,11467.95,11409.36,11430.0,0.59
2023-04-19,11400.16,11430.0,11387.09,11430.0,0.0
2023-04-20,11360.28,11392.84,11360.28,11387.09,-0.38
2023-04-21,11394.61,11400.0,11386.8,11400.0,0.11
2023-04-24,11400.88,11400.88,11400.0,11400.0,0.0
2023-04-25,11348.92,11400.0,11348.92,11357.86,-0.37
2023-04-26,11437.37,11437.37,11352.75,11395.0,0.33
2023-04-27,11344.99,11357.88,11344.99,11352.75,-0.37
2023-04-28,11357.62,11395.0,11357.62,11395.0,0.37
2023-05-01,11335.58,11335.58,11208.84,11208.84,-1.63
2023-05-02,11371.91,11405.0,11371.91,11405.0,1.75
2023-05-03,11326.03,11404.1,11326.03,11400.0,-0.04
2023-05-04,11362.05,11450.0,11362.05,11450.0,0.44
2023-05-05,11464.02,11464.02,11413.2,11430.0,-0.17
2023-05-08,11413.57,11413.57,11392.31,11405.0,-0.22
2023-05-09,11452.18,11452.18,11405.0,11405.0,0.0
2023-05-10,11411.49,11429.3,11411.49,11413.0,0.07
2023-05-11,11381.89,11428.88,11381.89,11413.0,0.0
2023-05-12,11434.22,11445.0,11434.22,11445.0,0.28
2023-05-15,11487.64,11487.64,11388.3,11397.23,-0.42
2023-05-16,11381.18,11400.0,11381.18,11400.0,0.02
2023-05-17,11410.59,11417.68,11400.0,11400.0,0.0
2023-05-18,11408.73,11457.38,11408.73,11430.0,0.26
2023-05-19,11498.16,11498.16,11446.7,11470.0,0.35
2023-05-22,11414.03,11465.0,11414.03,11414.98,-0.48
2023-05-23,11428.36,11428.36,11393.59,11425.0,0.09
2023-05-24,11403.0,11420.0,11370.21,11420.0,-0.04
2023-05-25,11386.5,11410.0,11386.5,11410.0,-0.09
2023-05-26,11389.73,11410.0,11381.19,11410.0,0.0
2023-05-29,11408.74,11408.74,11385.01,11403.69,-0.06
2023-05-30,11388.41,11388.41,11370.25,11385.01,-0.16
2023-05-31,11369.25,11370.25,11362.55,11370.25,-0.13
2023-06-01,11356.6,11385.0,11356.6,11385.0,0.13
2023-06-02,11320.44,11396.43,11320.44,11372.11,-0.11
2023-06-05,11472.79,11472.79,11400.0,11438.03,0.58
2023-06-06,11392.84,11437.85,11392.84,11396.51,-0.36
2023-06-07,11426.52,11442.0,11415.91,11442.0,0.4
2023-06-08,11427.48,11442.0,11401.71,11442.0,0.0
2023-06-09,11347.3,11424.0,11347.3,11401.71,-0.35
2023-06-12,11408.71,11411.78,11387.3,11387.3,-0.13
2023-06-13,11422.54,11438.52,11422.0,11422.0,0.3
2023-06-14,11442.18,11450.0,11442.18,11450.0,0.25
2023-06-15,11412.99,11455.0,11412.99,11455.0,0.04
2023-06-16,11324.15,11450.0,11324.15,11450.0,-0.04
2023-06-19,11439.46,11443.9,11409.42,11409.42,-0.35
2023-06-20,11445.16,11470.0,11445.16,11470.0,0.53
2023-06-21,11471.24,11485.0,11466.64,11480.0,0.09
2023-06-22,11394.79,11485.0,11394.79,11485.0,0.04
2023-06-23,11502.3,11502.3,11437.67,11470.0,-0.13
2023-06-26,11397.76,11452.72,11366.65,11366.65,-0.9
2023-06-27,11455.35,11488.47,11455.35,11480.0,1.0
2023-06-28,11480.6,11500.0,11480.0,11480.0,0.0
2023-06-29,11539.98,11539.98,11488.12,11500.0,0.17
2023-06-30,11548.35,11548.35,11491.15,11510.0,0.09
2023-07-03,11440.08,11491.12,11416.67,11416.67,-0.81
2023-07-04,11484.01,11530.0,11484.01,11530.0,0.99
2023-07-05,11518.06,11530.0,11494.21,11513.57,-0.14
2023-07-06,11500.0,11530.0,11500.0,11530.0,0.14
2023-07-07,11523.36,11540.0,11500.0,11500.0,-0.26
2023-07-10,11462.81,11560.0,11448.87,11448.87,-0.44
2023-07-11,11473.92,11561.06,11473.92,11545.0,0.84
2023-07-12,11528.74,11563.84,11528.74,11554.0,0.08
2023-07-13,11440.6,11580.0,11440.6,11580.0,0.23
2023-07-14,11498.23,11580.0,11498.23,11580.0,0.0
2023-07-17,11541.94,11553.56,11517.98,11517.98,-0.54
2023-07-18,11546.62,11580.82,11546.62,11570.0,0.45
2023-07-19,11605.93,11605.93,11571.92,11590.0,0.17
2023-07-20,11566.51,11590.0,11563.23,11590.0,0.0
2023-07-21,11630.77,11630.77,11570.0,11570.0,-0.17
2023-07-24,11578.29,11629.97,11556.57,11571.52,0.01
2023-07-25,11588.89,11610.0,11583.81,11610.0,0.33
2023-07-26,11571.76,11600.0,11571.76,11585.0,-0.22
2023-07-27,11588.08,11610.0,11569.16,11610.0,0.22
2023-07-28,11733.74,11733.74,11553.26,11610.0,0.0
2023-07-31,11538.01,11593.68,11523.58,11523.58,-0.74
2023-08-01,11637.2,11637.2,11600.0,11600.0,0.66
2023-08-02,11586.62,11639.37,11586.62,11635.0,0.3
2023-08-03,11664.69,11664.69,11609.69,11639.37,0.04
2023-08-04,11593.16,11645.0,11593.16,11645.0,0.05
2023-08-07,11558.9,11637.61,11553.34,11553.34,-0.79
2023-08-08,11623.42,11636.23,11623.42,11636.23,0.72
2023-08-09,11628.94,11634.2,11628.94,11629.63,-0.06
2023-08-10,11638.87,11638.87,11634.2,11634.2,0.04
2023-08-11,11677.18,12043.48,11635.04,11635.04,0.01
2023-08-14,12105.7,12105.7,11640.0,12088.9,3.9
2023-08-15,12071.62,12071.62,12044.63,12050.0,-0.32
2023-08-16,12078.11,12080.0,12043.97,12054.0,0.03
2023-08-17,12096.71,12096.71,12031.66,12080.0,0.22
2023-08-18,12050.0,12050.0,12050.0,12050.0,-0.25
2023-08-21,12027.43,12060.5,12013.96,12013.96,-0.3
2023-08-22,12066.42,12075.0,12057.44,12075.0,0.51
2023-08-23,12101.85,12101.85,12033.88,12080.0,0.04
2023-08-24,11966.79,12080.0,11966.79,12080.0,0.0
2023-08-25,12102.52,12102.52,12031.27,12060.0,-0.17
2023-08-28,12040.63,12044.64,12037.84,12044.64,-0.13
2023-08-29,12026.05,12050.09,12026.05,12040.9,-0.03
2023-08-30,11982.19,12067.25,11982.19,12050.09,0.08
2023-08-31,12011.45,12071.04,12011.45,12067.25,0.14
2023-09-01,12109.47,12109.47,12070.17,12071.04,0.03
2023-09-04,12145.19,12145.19,12082.35,12124.1,0.44
2023-09-05,12098.02,13050.0,12093.54,12093.54,-0.25
2023-09-06,12119.74,12119.74,12088.81,12116.12,0.19
2023-09-07,12116.1,12120.0,12101.12,12120.0,0.03
2023-09-08,12096.1,12112.18,12096.1,12110.0,-0.08
2023-09-11,12099.8,12139.61,12099.69,12099.69,-0.09
2023-09-12,12117.46,12133.23,12112.84,12112.84,0.11
2023-09-13,12081.53,12150.0,12081.53,12150.0,0.31
2023-09-14,12125.95,12150.0,12120.96,12150.0,0.0
2023-09-15,12227.85,12227.85,12125.0,12125.0,-0.21
2023-09-18,12124.65,12170.0,12122.55,12122.55,-0.02
2023-09-19,12103.21,12150.0,12103.21,12150.0,0.23
2023-09-20,12145.18,12155.0,12141.24,12155.0,0.04
2023-09-21,12217.81,12217.81,12164.83,12170.0,0.12
2023-09-22,12149.19,12177.13,12149.19,12175.0,0.04
2023-09-25,12156.96,12173.52,12135.66,12135.66,-0.32
2023-09-26,12240.17,12240.17,12161.79,12190.0,0.45
2023-09-27,12203.6,12203.6,12162.4,12185.0,-0.04
2023-09-28,12194.67,12194.67,12152.38,12170.0,-0.12
2023-09-29,12121.96,12179.83,12121.96,12160.0,-0.08
2023-10-02,12218.62,12218.62,12173.83,12192.89,0.27
2023-10-03,12245.5,12245.5,12150.0,12150.0,-0.35
2023-10-04,12188.32,12200.0,12163.0,12200.0,0.41
2023-10-05,12155.49,12200.0,12148.39,12200.0,0.0
2023-10-06,12138.34,12168.33,12130.86,12130.86,-0.57
2023-10-09,12144.97,12144.97,12111.29,12111.29,-0.16
2023-10-10,12096.1,12153.16,12096.1,12143.71,0.27
2023-10-11,12125.61,12185.22,12125.61,12185.0,0.34
2023-10-12,12159.69,12200.0,12159.69,12200.0,0.12
2023-10-13,12287.69,12287.69,12195.34,12200.0,0.0
2023-10-16,12195.63,12200.5,12171.52,12200.5,0.0
2023-10-17,12141.19,12175.0,12141.19,12175.0,-0.21
2023-10-18,12149.24,12174.87,12149.24,12170.0,-0.04
2023-10-19,12193.76,12193.76,12169.76,12174.87,0.04
2023-10-20,12145.42,12210.0,12145.42,12210.0,0.29
2023-10-23,12180.74,12190.0,12175.96,12175.96,-0.28
2023-10-24,12107.87,12190.0,12093.48,12190.0,0.12
2023-10-25,12204.75,12204.75,12163.34,12180.0,-0.08
2023-10-26,12178.26,12178.54,12175.0,12175.0,-0.04
2023-10-27,12153.33,12206.0,12153.33,12175.0,0.0
2023-10-30,12186.07,12186.07,12167.87,12167.87,-0.06
2023-10-31,12158.57,12200.0,12158.57,12200.0,0.26
2023-11-01,12209.72,12209.72,12200.0,12200.0,0.0
2023-11-02,12152.75,12225.0,12152.75,12225.0,0.2
2023-11-03,12220.29,12225.0,12186.27,12186.27,-0.32
2023-11-06,12132.97,12245.0,12121.1,12121.1,-0.53
2023-11-07,12284.21,12284.21,12237.83,12250.0,1.06
2023-11-08,12226.78,12272.5,12226.78,12250.0,0.0
2023-11-09,12224.72,12290.0,12224.72,12290.0,0.33
2023-11-10,12274.29,12274.29,12234.83,12270.0,-0.16
2023-11-13,12226.47,12259.25,12193.55,12193.55,-0.62
2023-11-14,12235.36,12260.0,12235.36,12260.0,0.54
2023-11-15,12085.17,12270.0,12085.17,12270.0,0.08
2023-11-16,12245.69,12260.0,12245.69,12260.0,-0.08
2023-11-17,12237.17,12260.0,12237.17,12260.0,0.0
2023-11-20,12212.0,12240.94,12188.29,12188.29,-0.58
2023-11-21,12213.05,12270.0,12206.98,12270.0,0.67
2023-11-22,12266.93,12266.93,12250.0,12250.0,-0.16
2023-11-23,12264.23,12281.29,12250.29,12250.29,0.0
2023-11-24,12287.77,12287.77,12250.0,12281.29,0.25
2023-11-27,12227.09,12285.0,12223.19,12223.19,-0.47
2023-11-28,12271.54,12290.0,12271.54,12285.0,0.51
2023-11-29,12220.27,12300.0,12220.27,12300.0,0.12
2023-11-30,12284.27,12300.0,12249.42,12300.0,0.0
2023-12-01,12258.07,12280.0,12249.42,12249.42,-0.41
2023-12-04,12296.1,12296.1,12246.04,12276.29,0.22
2023-12-05,12272.93,12280.0,12256.46,12280.0,0.03
2023-12-06,12287.81,12287.81,12270.0,12270.0,-0.08
2023-12-07,12287.2,12305.0,12285.72,12305.0,0.29
2023-12-08,12260.15,12290.0,12260.15,12290.0,-0.12
2023-12-11,12297.65,12305.5,12290.0,12300.33,0.08
2023-12-12,12298.36,12313.08,12298.36,12300.0,0.0
2023-12-13,12320.61,12335.73,12317.41,12317.41,0.14
2023-12-14,12206.73,12350.0,12206.73,12350.0,0.26
2023-12-15,12264.33,12355.94,12264.33,12350.0,0.0
2023-12-18,12427.5,12427.5,12352.94,12412.12,0.5
2023-12-19,12347.85,12370.0,12344.36,12352.94,-0.48
2023-12-20,12318.25,12370.0,12318.25,12370.0,0.14
2023-12-21,12338.44,12375.0,12338.44,12375.0,0.04
2023-12-22,12337.59,12350.55,12337.59,12350.0,-0.2
2023-12-25,12376.75,12376.75,12366.42,12366.42,0.13
2023-12-26,12376.75,12376.75,12366.42,12366.42,0.0
2023-12-27,12346.43,12346.43,12340.0,12340.0,-0.21
2023-12-28,12288.77,12325.0,12279.54,12325.0,-0.12
2023-12-29,12353.66,12353.66,12300.0,12300.0,-0.2
2024-01-01,12348.39,12348.39,12330.51,12330.51,0.25
2024-01-02,12324.68,12341.68,12300.0,12341.68,0.09
2024-01-03,12340.78,12340.78,12294.71,12325.0,-0.14
2024-01-04,12308.17,12325.0,12308.17,12325.0,0.0
2024-01-05,12309.1,12320.0,12308.41,12311.51,-0.11
2024-01-08,12272.54,12345.0,12272.54,12275.01,-0.3
2024-01-09,12295.89,12370.0,12295.89,12370.0,0.77
2024-01-10,12356.96,12356.96,12312.27,12352.89,-0.14
2024-01-11,12276.5,12387.89,12276.5,12312.27,-0.33
2024-01-12,12381.29,12387.89,12319.71,12387.89,0.61
2024-01-15,12317.63,12317.63,12295.84,12295.84,-0.74
2024-01-16,12332.94,12332.94,12300.35,12300.35,0.04
2024-01-17,12330.04,12330.61,12312.32,12330.61,0.25
2024-01-18,12292.99,12400.0,12292.99,12400.0,0.56
2024-01-19,12315.04,12400.0,12315.04,12400.0,0.0
2024-01-22,12296.83,12380.0,12296.83,12303.82,-0.78
2024-01-23,12314.88,12400.0,12307.52,12400.0,0.78
2024-01-24,12322.77,12425.0,12310.35,12425.0,0.2
2024-01-25,12329.13,12420.0,12319.21,12420.0,-0.04
2024-01-26,12370.27,12400.0,12315.47,12400.0,-0.16
2024-01-29,12347.84,12347.84,12306.36,12324.54,-0.61
2024-01-30,12299.03,12400.0,12299.03,12400.0,0.61
2024-01-31,12324.3,12405.0,12290.78,12405.0,0.04
2024-02-01,12347.46,12400.0,12305.02,12400.0,-0.04
2024-02-02,12241.18,12400.0,12241.18,12400.0,0.0
2024-02-05,12442.67,12442.67,12315.1,12425.76,0.21
2024-02-06,12323.07,12326.45,12317.24,12326.45,-0.8
2024-02-07,12284.11,12470.0,12284.11,12470.0,1.16
2024-02-08,12304.69,12450.0,12303.9,12450.0,-0.16
2024-02-09,12299.52,12460.0,12299.52,12460.0,0.08
2024-02-12,12285.39,12450.0,12285.39,12301.63,-1.27
2024-02-13,12315.64,12450.0,12313.39,12450.0,1.21
2024-02-14,12389.26,12460.0,12312.69,12460.0,0.08
2024-02-15,12289.91,12480.0,12289.91,12480.0,0.16
2024-02-16,12278.91,12480.0,12278.91,12480.0,0.0
2024-02-19,12310.42,12313.62,12310.42,12313.62,-1.33
2024-02-20,12325.96,12480.0,12310.97,12310.97,-0.02
2024-02-21,12441.62,12475.0,12311.51,12475.0,1.33
2024-02-22,12281.03,12480.71,12281.03,12475.0,0.0
2024-02-23,12511.2,12511.2,12460.22,12500.0,0.2
2024-02-26,12469.95,12469.95,12446.82,12446.82,-0.43
2024-02-27,12459.33,12483.5,12444.7,12483.5,0.29
2024-02-28,12469.21,12480.0,12451.17,12480.0,-0.03
2024-02-29,12436.29,12470.85,12426.42,12426.42,-0.43
2024-03-01,12480.02,12480.02,12476.73,12480.0,0.43
2024-03-04,12457.39,12496.72,12440.92,12440.92,-0.31
2024-03-05,12499.48,12499.48,12496.37,12496.72,0.45
2024-03-06,12500.12,12500.12,12477.3,12496.37,0.0
2024-03-07,12452.69,12490.0,12452.69,12490.0,-0.05
2024-03-08,12491.25,12570.0,12423.58,12423.58,-0.53
2024-03-11,12464.41,13600.0,12459.0,12459.0,0.29
2024-03-12,12491.54,12500.0,12489.26,12500.0,0.33
2024-03-13,12513.39,12520.0,12499.77,12520.0,0.16
2024-03-14,12493.72,12538.4,12493.72,12530.0,0.08
2024-03-15,12608.6,12609.12,12530.0,12530.0,0.0
2024-03-18,12542.3,12550.0,12527.0,12540.63,0.08
2024-03-19,12566.48,12566.48,12530.47,12560.35,0.16
2024-03-20,12513.58,12550.0,12513.58,12525.0,-0.28
2024-03-21,12423.98,12550.0,12423.98,12550.0,0.2
2024-03-22,12611.98,12611.98,12536.1,12542.62,-0.06
2024-03-25,12541.43,12575.0,12486.54,12486.54,-0.45
2024-03-26,12551.02,12580.0,12551.02,12580.0,0.75
2024-03-27,12596.55,12596.55,12570.0,12570.0,-0.08
2024-03-28,12571.3,12585.18,12569.79,12575.0,0.04
2024-03-29,12597.26,12598.14,12575.0,12575.0,0.0
2024-04-01,12590.17,12620.0,12578.81,12578.81,0.03
2024-04-02,12612.08,12620.0,12612.08,12620.0,0.33
2024-04-03,12584.27,12612.38,12584.27,12612.38,-0.06
2024-04-04,12522.25,12650.0,12522.25,12592.45,-0.16
2024-04-05,12656.92,12656.92,12647.15,12650.0,0.46
2024-04-08,12656.38,12670.0,12641.14,12641.14,-0.07
2024-04-09,12622.02,12660.0,12618.94,12618.94,-0.18
2024-04-10,12656.44,12656.44,12650.0,12650.0,0.25
2024-04-11,12775.19,12775.19,12631.28,12650.0,0.0
2024-04-12,12636.35,12636.35,12624.27,12631.28,-0.15
2024-04-15,12632.45,12660.0,12600.61,12600.61,-0.24
2024-04-16,12680.58,12680.58,12627.98,12660.0,0.47
2024-04-17,12638.74,12650.0,12630.14,12650.0,-0.08
2024-04-18,12603.38,12660.68,12603.38,12655.0,0.04
2024-04-19,12706.56,12706.56,12665.31,12690.0,0.28
2024-04-22,12656.4,12668.39,12636.71,12636.71,-0.42
2024-04-23,12647.82,12690.0,12647.82,12690.0,0.42
2024-04-24,12614.09,12690.0,12614.09,12690.0,0.0
2024-04-25,12655.92,12670.0,12655.92,12670.0,-0.16
2024-04-26,12654.45,12654.45,12600.09,12620.0,-0.39
2024-04-29,12628.8,12638.42,12526.7,12638.42,0.15
2024-04-30,12531.73,12600.0,12531.73,12600.0,-0.3
2024-05-01,12665.96,12671.48,12575.79,12600.0,0.0
2024-05-02,12527.54,12610.0,12527.54,12610.0,0.08
2024-05-03,12566.92,12650.0,12566.92,12602.85,-0.06
2024-05-06,12609.65,12643.37,12609.65,12615.1,0.1
2024-05-07,12639.5,12640.0,12617.95,12640.0,0.2
2024-05-08,12640.67,12680.0,12640.67,12680.0,0.32
2024-05-09,12658.53,12670.0,12658.53,12670.0,-0.08
2024-05-10,12610.11,12670.0,12610.11,12670.0,0.0
2024-05-13,12674.12,12679.74,12666.89,12672.36,0.02
2024-05-14,12675.68,12679.74,12665.84,12679.74,0.06
2024-05-15,12643.3,12700.0,12643.3,12700.0,0.16
2024-05-16,12598.11,12690.0,12598.11,12690.0,-0.08
2024-05-17,12689.51,12700.0,12686.13,12690.0,0.0
2024-05-20,12645.18,12671.69,12620.81,12620.81,-0.55
2024-05-21,12673.2,12680.0,12657.51,12675.3,0.43
2024-05-22,12666.66,12690.0,12662.17,12690.0,0.12
2024-05-23,12690.64,12700.0,12690.64,12700.0,0.08
2024-05-24,12734.17,12734.17,12686.47,12700.0,0.0
2024-05-27,12671.27,12673.31,12665.96,12665.96,-0.27
2024-05-28,12670.33,12673.31,12637.49,12673.31,0.06
2024-05-29,12680.0,12680.0,12630.59,12672.35,-0.01
2024-05-30,12676.33,12676.33,12608.62,12620.0,-0.41
2024-05-31,12591.16,12610.0,12582.17,12610.0,-0.08
2024-06-03,12579.21,12579.21,12559.88,12578.4,-0.25
2024-06-04,12480.76,12600.0,12480.76,12600.0,0.17
2024-06-05,12562.13,12660.0,12562.13,12660.0,0.48
2024-06-06,12616.59,12660.0,12616.59,12660.0,0.0
2024-06-07,12627.46,12650.0,12625.97,12650.0,-0.08
2024-06-10,12757.23,12786.12,12605.46,12710.88,0.48
2024-06-11,12582.98,12625.0,12582.98,12625.0,-0.68
2024-06-12,12607.99,12607.99,12563.6,12570.0,-0.44
2024-06-13,12502.89,12616.23,12502.89,12600.0,0.24
2024-06-14,12656.07,12656.07,12579.03,12600.0,0.0
2024-06-17,12575.03,12592.13,12571.04,12571.04,-0.23
2024-06-18,12563.98,12610.0,12563.98,12610.0,0.31
2024-06-19,12572.06,12620.0,12570.48,12620.0,0.08
2024-06-20,12598.87,12640.0,12598.87,12640.0,0.16
2024-06-21,12636.95,12636.95,12600.0,12600.0,-0.32
2024-06-24,12593.82,12593.82,12580.0,12580.0,-0.16
2024-06-25,12587.75,12620.0,12573.12,12620.0,0.32
2024-06-26,12580.99,12580.99,12556.17,12575.0,-0.36
2024-06-27,12560.87,12575.0,12552.93,12575.0,0.0
2024-06-28,12541.32,12554.1,12523.46,12552.93,-0.18
2024-07-01,12478.25,12525.76,12478.25,12510.84,-0.34
2024-07-02,12575.0,12575.0,12525.76,12525.76,0.12
2024-07-03,12516.17,12552.08,12516.17,12552.08,0.21
2024-07-04,12500.58,12580.0,12500.58,12580.0,0.22
2024-07-05,12535.95,12554.64,12535.95,12554.64,-0.2
2024-07-08,12555.44,12568.66,12555.44,12563.11,0.07
2024-07-09,12574.75,12591.46,12572.66,12575.62,0.1
2024-07-10,12597.98,12597.98,12595.01,12595.01,0.15
2024-07-11,12582.49,12622.09,12564.05,12600.0,0.04
2024-07-12,12600.32,12645.0,12600.32,12645.0,0.36
2024-07-15,12624.39,12624.39,12586.18,12586.18,-0.47
2024-07-16,12624.29,12624.29,12575.0,12575.0,-0.09
2024-07-17,12576.74,12576.74,12548.12,12576.33,0.01
2024-07-18,12546.29,12557.69,12546.29,12547.78,-0.23
2024-07-19,12601.9,12601.9,12557.69,12557.69,0.08
2024-07-22,12557.31,12582.27,12557.31,12567.06,0.07
2024-07-23,12577.59,12577.59,12554.87,12575.0,0.06
2024-07-24,12577.84,12577.84,12554.87,12554.87,-0.16
2024-07-25,12555.76,12594.99,12555.76,12570.0,0.12
2024-07-26,12589.89,12600.51,12589.89,12594.76,0.2
2024-07-29,12593.26,12603.76,12571.08,12603.76,0.07
2024-07-30,12589.27,12590.55,12546.63,12571.08,-0.26
2024-07-31,12562.0,12562.0,12504.56,12540.0,-0.25
2024-08-01,12515.18,12541.0,12500.52,12541.0,0.01
2024-08-02,12504.17,12570.0,12504.17,12570.0,0.23
2024-08-05,12435.25,12560.0,12429.61,12429.61,-1.12
2024-08-06,12533.41,12566.54,12533.41,12560.0,1.05
2024-08-07,12538.26,12600.0,12538.26,12600.0,0.32
2024-08-08,12572.12,12607.02,12572.12,12581.79,-0.14
2024-08-09,12622.27,12650.0,12621.09,12650.0,0.54
2024-08-12,12618.89,12620.0,12608.56,12608.56,-0.33
2024-08-13,12606.65,12610.0,12595.3,12610.0,0.01
2024-08-14,12520.3,12620.0,12520.3,12620.0,0.08
2024-08-15,12602.47,12610.0,12589.28,12610.0,-0.08
2024-08-16,12630.11,12634.31,12610.0,12634.31,0.19
2024-08-19,12576.27,12650.0,12570.34,12570.34,-0.51
2024-08-20,12575.35,12620.0,12575.35,12620.0,0.4
2024-08-21,12557.74,12603.23,12557.74,12600.0,-0.16
2024-08-22,12567.16,12640.0,12567.16,12640.0,0.32
2024-08-23,12642.88,12677.0,12642.88,12677.0,0.29
2024-08-26,12562.15,12670.0,12544.94,12544.94,-1.04
2024-08-27,12669.17,12669.17,12635.54,12660.0,0.92
2024-08-28,12617.38,12640.0,12617.38,12640.0,-0.16
2024-08-29,12613.7,12678.19,12613.7,12623.96,-0.13
2024-08-30,12661.94,12661.94,12593.47,12625.0,0.01
2024-09-02,12622.87,12622.87,12607.81,12611.74,-0.11
2024-09-03,12614.76,12614.76,12605.6,12607.81,-0.03
2024-09-04,12593.96,12620.0,12593.96,12620.0,0.1
2024-09-05,12578.53,12630.0,12576.88,12576.88,-0.34
2024-09-06,12602.86,12678.23,12602.86,12604.45,0.22
2024-09-09,12703.97,12703.97,12664.92,12690.97,0.69
2024-09-10,12678.99,12678.99,12654.6,12672.5,-0.15
2024-09-11,12673.26,12680.0,12651.85,12680.0,0.06
2024-09-12,12703.06,12703.06,12680.0,12680.0,0.0
2024-09-13,12608.45,12720.0,12608.45,12720.0,0.32
2024-09-16,12711.12,12727.77,12711.12,12727.77,0.06
2024-09-17,12717.06,12720.0,12699.75,12720.0,-0.06
2024-09-18,12705.92,12720.0,12704.35,12718.89,-0.01
2024-09-19,12756.74,12756.74,12720.0,12720.0,0.01
2024-09-20,12719.63,12719.63,12697.72,12700.0,-0.16
2024-09-23,12694.98,12700.0,12673.91,12673.91,-0.21
2024-09-24,12706.65,12735.0,12706.65,12735.0,0.48
2024-09-25,12641.04,12750.0,12641.04,12750.0,0.12
2024-09-26,12780.76,12788.28,12727.97,12788.28,0.3
2024-09-27,12709.17,12747.0,12702.52,12727.97,-0.47
2024-09-30,12696.38,12700.0,12681.88,12700.0,-0.22
2024-10-01,12750.06,12750.06,12698.73,12700.0,0.0
2024-10-02,12733.27,12733.27,12703.46,12705.0,0.04
2024-10-03,12740.17,12750.0,12705.0,12705.0,0.0
2024-10-04,12735.28,12736.49,12704.7,12736.49,0.25
2024-10-07,12775.17,12775.17,12736.65,12761.21,0.19
2024-10-08,12724.07,12781.48,12724.07,12775.0,0.11
2024-10-09,12790.44,12790.44,12756.39,12781.48,0.05
2024-10-10,12784.61,12784.61,12750.68,12770.0,-0.09
2024-10-11,12747.65,12760.0,12744.25,12760.0,-0.08
2024-10-14,12753.76,12753.76,12720.22,12720.22,-0.31
2024-10-15,12763.19,12780.0,12750.57,12750.57,0.24
2024-10-16,12791.15,12791.15,12768.89,12780.0,0.23
2024-10-17,12802.86,12802.86,12767.39,12798.0,0.14
2024-10-18,12812.13,12812.13,12772.16,12800.0,0.02
2024-10-21,12747.41,12781.9,12733.88,12733.88,-0.52
2024-10-22,12819.6,12819.6,12774.01,12790.0,0.44
2024-10-23,12812.06,12812.06,12782.3,12800.0,0.08
2024-10-24,12771.22,12800.0,12771.22,12800.0,0.0
2024-10-25,12768.61,12805.0,12768.61,12805.0,0.04
2024-10-28,12755.01,12810.5,12755.01,12810.5,0.04
2024-10-29,12766.39,12780.0,12754.69,12780.0,-0.24
2024-10-30,12722.17,12770.0,12722.17,12770.0,-0.08
2024-10-31,12718.2,12765.0,12718.2,12765.0,-0.04
2024-11-01,12734.49,12765.1,12734.49,12765.0,0.0
2024-11-04,12725.4,12795.0,12725.4,12747.32,-0.14
2024-11-05,12745.83,12790.0,12745.83,12790.0,0.33
2024-11-06,12756.98,12770.0,12756.98,12770.0,-0.16
2024-11-07,12746.03,12775.0,12746.03,12775.0,0.04
2024-11-08,12743.12,12790.0,12743.12,12790.0,0.12
2024-11-11,12830.16,12830.16,12792.54,12826.04,0.28
2024-11-12,12807.68,12807.68,12777.97,12792.54,-0.26
2024-11-13,12759.75,12780.0,12759.75,12780.0,-0.1
2024-11-14,12858.98,12864.4,12772.79,12800.0,0.16
2024-11-15,12770.79,12775.42,12770.79,12775.0,-0.2
2024-11-18,12809.59,12809.59,12785.67,12805.46,0.24
2024-11-19,12717.71,12800.0,12717.71,12800.0,-0.04
2024-11-20,12746.11,12840.0,12746.11,12840.0,0.31
2024-11-21,12821.22,12855.0,12821.22,12855.0,0.12
2024-11-22,12882.03,12882.03,12805.14,12855.0,0.0
2024-11-25,12721.42,12800.0,12721.42,12792.36,-0.49
2024-11-26,12826.3,12826.3,12743.98,12800.0,0.06
2024-11-27,12813.5,12820.92,12800.0,12800.0,0.0
2024-11-28,12777.87,12829.46,12777.87,12820.92,0.16
2024-11-29,12818.52,12829.46,12818.52,12829.46,0.07
2024-12-02,12858.01,12858.01,12794.71,12794.71,-0.27
2024-12-03,12847.53,12847.53,12800.98,12830.0,0.28
2024-12-04,12812.68,12827.33,12812.68,12820.0,-0.08
2024-12-05,12810.24,12812.94,12810.0,12810.0,-0.08
2024-12-06,12764.93,12820.0,12764.93,12810.0,0.0
2024-12-09,12847.04,12847.04,12818.31,12818.31,0.06
2024-12-10,12851.49,12851.49,12847.17,12847.17,0.23
2024-12-11,12836.75,12848.33,12817.39,12848.33,0.01
2024-12-12,12828.49,12835.15,12817.39,12817.39,-0.24
2024-12-13,12871.63,12874.15,12821.15,12835.15,0.14
2024-12-16,12790.13,12833.53,12790.13,12804.19,-0.24
2024-12-17,12804.26,12837.94,12804.26,12833.53,0.23
2024-12-18,12822.91,12835.98,12822.91,12835.98,0.02
2024-12-19,12974.59,12974.59,12829.04,12829.04,-0.05
2024-12-20,12891.4,12891.4,12844.18,12844.18,0.12
2024-12-23,12804.59,12883.82,12804.59,12807.78,-0.28
2024-12-24,12864.81,12883.82,12864.81,12883.82,0.59
2024-12-25,12864.01,12868.4,12855.98,12868.4,-0.12
2024-12-26,12864.01,12868.4,12855.98,12868.4,0.0
2024-12-27,12888.24,12888.24,12855.98,12855.98,-0.1
2024-12-30,12903.69,12903.69,12862.99,12902.7,0.36
2024-12-31,12915.87,12915.87,12862.99,12862.99,-0.31
2025-01-02,12872.53,12872.53,12862.99,12862.99,0.0
2025-01-03,12950.0,12950.0,12872.53,12872.53,0.07
2025-01-06,12853.83,12909.02,12850.84,12850.84,-0.17
2025-01-07,12947.44,12947.44,12920.0,12920.0,0.54
2025-01-08,12990.69,12990.69,12920.0,12920.67,0.01
2025-01-09,12908.17,12960.0,12905.07,12920.0,-0.01
2025-01-10,12905.39,12922.04,12905.39,12905.89,-0.11
2025-01-13,12998.44,12998.44,12920.0,12980.06,0.57
2025-01-14,12869.64,12960.0,12869.64,12960.0,-0.15
2025-01-15,12879.49,12960.0,12879.49,12960.0,0.0
2025-01-16,12942.13,12950.0,12929.26,12950.0,-0.08
2025-01-17,12901.85,12950.0,12901.85,12950.0,0.0
2025-01-20,12951.0,12951.0,12932.9,12932.9,-0.13
2025-01-21,12885.53,12950.52,12885.53,12947.89,0.12
2025-01-22,12881.28,12970.0,12881.28,12970.0,0.17
2025-01-23,13004.74,13004.74,12953.11,12980.0,0.08
2025-01-24,12929.49,12960.0,12929.49,12960.0,-0.15
2025-01-27,12963.16,12963.16,12911.33,12911.33,-0.38
2025-01-28,13023.48,13023.48,12940.42,12951.0,0.31
2025-01-29,12925.22,12970.0,12919.89,12970.0,0.15
2025-01-30,12911.52,12960.0,12911.52,12960.0,-0.08
2025-01-31,12927.45,12960.0,12927.45,12960.0,0.0
2025-02-03,13115.91,13145.37,12945.37,13145.37,1.43
2025-02-04,12864.22,12970.0,12864.22,12970.0,-1.33
2025-02-05,12887.77,12970.0,12887.77,12970.0,0.0
2025-02-06,12967.08,12975.0,12939.38,12956.43,-0.1
2025-02-07,12909.41,12960.0,12909.41,12960.0,0.03
2025-02-10,13016.3,13057.17,12968.45,12975.0,0.12
2025-02-11,12975.0,12985.0,12975.0,12985.0,0.08
2025-02-12,12985.0,13000.0,12931.68,13000.0,0.12
2025-02-13,13000.0,13024.66,12958.28,13000.0,0.0
2025-02-14,13000.0,13000.0,12655.0,12655.0,-2.65
2025-02-17,12955.18,12981.98,12946.74,12981.98,2.58
2025-02-18,13000.84,13025.0,12980.76,13015.0,0.25
2025-02-19,12990.64,13015.0,12944.8,12972.5,-0.33
2025-02-20,12954.05,12972.5,12926.67,12945.0,-0.21
2025-02-21,12870.34,12945.0,12870.34,12925.0,-0.15
2025-02-24,12920.55,12925.0,12856.0,12911.0,-0.11
2025-02-25,12902.12,12911.0,12889.8,12911.0,0.0
2025-02-26,12910.0,12910.0,12867.79,12905.0,-0.05
2025-02-27,12895.99,13395.0,12872.87,13390.0,3.76
2025-02-28,12989.26,13390.0,12887.75,13390.0,0.0
2025-03-03,12918.73,13400.0,12868.89,13400.0,0.07
2025-03-04,12853.25,12903.35,12853.25,12903.35,-3.71
2025-03-05,13405.0,13405.0,12820.37,12900.0,-0.03
2025-03-06,12925.0,12925.0,12737.57,12919.09,0.15
2025-03-07,12929.98,12960.0,12925.0,12960.0,0.32
2025-03-10,12914.58,12960.0,12914.58,12950.0,-0.08
2025-03-11,12931.36,12931.36,12930.79,12930.79,-0.15
2025-03-12,12930.26,12950.0,12930.26,12937.5,0.05
2025-03-13,12946.15,12946.15,12936.38,12936.38,-0.01
2025-03-14,12956.25,12956.25,12944.38,12944.38,0.06
2025-03-17,12970.54,12970.54,12937.5,12950.0,0.04
2025-03-18,12929.38,12950.0,12929.38,12950.0,0.0
2025-03-19,12955.0,12955.0,12911.16,12920.0,-0.23
2025-03-20,12929.64,12929.64,12920.0,12920.0,0.0
2025-03-21,12950.0,12950.0,12922.1,12945.0,0.19
2025-03-24,12970.45,12970.45,12955.0,12955.0,0.08
2025-03-25,12960.0,12983.41,12923.7,12945.0,-0.08
2025-03-26,12958.3,12958.3,12916.56,12947.5,0.02
2025-03-27,12941.52,12947.5,12906.45,12930.0,-0.14
2025-03-28,12905.86,12930.0,12905.86,12930.0,0.0
2025-03-31,12822.7,12940.0,12822.7,12940.0,0.08
2025-04-01,12929.75,12943.46,12929.75,12940.0,0.0
2025-04-02,12935.0,12945.79,12920.61,12935.0,-0.04
2025-04-03,12811.58,12940.0,12811.58,12940.0,0.04
2025-04-04,12905.71,12905.71,12873.91,12873.91,-0.51
2025-04-07,12952.9,12952.9,12940.0,12940.0,0.51
2025-04-08,12969.36,12975.0,12940.0,12975.0,0.27
2025-04-09,12862.96,12975.0,12862.96,12975.0,0.0
2025-04-10,13017.4,13017.4,12979.02,12979.02,0.03
2025-04-11,12975.0,12975.0,12716.81,12975.0,-0.03
2025-04-14,12963.3,12964.56,12950.0,12950.0,-0.19
2025-04-15,12975.89,12975.89,12975.89,12975.89,0.2
2025-04-16,12989.59,12989.59,12989.59,12989.59,0.11
2025-04-17,12959.43,12959.43,12955.0,12955.0,-0.27
2025-04-18,12933.2,12933.2,12933.2,12933.2,-0.17
2025-04-21,12904.64,12904.64,12870.0,12870.0,-0.49
2025-04-22,12873.96,12873.96,12873.96,12873.96,0.03
2025-04-24,12922.17,12922.17,12922.17,12922.17,0.37
2025-04-25,12925.0,12925.0,12925.0,12925.0,0.02
2025-04-29,12943.1,12943.1,12928.16,12928.16,0.02
2025-04-30,12900.0,12915.16,12900.0,12915.16,-0.1
2025-05-01,12895.0,12895.0,12895.0,12895.0,-0.16
2025-05-02,12910.07,12910.07,12875.0,12875.0,-0.16
2025-05-05,12905.0,12905.0,12905.0,12905.0,0.23
2025-05-06,12920.0,12920.0,12920.0,12920.0,0.12
2025-05-07,12919.92,12919.92,12890.0,12890.0,-0.23
2025-05-08,12875.35,12875.35,12875.35,12875.35,-0.11
2025-05-09,12860.0,12860.0,12860.0,12860.0,-0.12
2025-05-12,12890.55,12890.55,12875.0,12875.0,0.12
2025-05-13,12930.27,12930.27,12905.0,12905.0,0.23
2025-05-14,12975.16,12975.16,12960.0,12960.0,0.43
2025-05-15,12960.34,12960.34,12950.0,12950.0,-0.08
2025-05-16,12912.1,12912.1,12900.0,12900.0,-0.39
2025-05-19,12853.15,12853.15,12853.15,12853.15,-0.36
2025-05-20,12840.0,12887.91,12840.0,12875.0,0.17
2025-05-21,12932.93,12932.93,12932.93,12932.93,0.45
2025-05-22,12910.0,12910.0,12899.51,12899.51,-0.26
2025-05-23,12910.9,12910.9,12910.9,12910.9,0.09
2025-05-26,12934.93,12934.93,12934.93,12934.93,0.19
2025-05-27,12881.9,12881.9,12881.9,12881.9,-0.41
2025-05-28,12826.13,12826.13,12826.13,12826.13,-0.43
2025-05-29,12763.26,12763.26,12763.26,12763.26,-0.49
2025-05-30,12785.43,12785.43,12785.43,12785.43,0.17
2025-06-02,12829.61,12829.61,12829.61,12829.61,0.35
2025-06-03,12800.0,12852.35,12800.0,12852.35,0.18
2025-06-04,12826.81,12826.81,12810.0,12810.0,-0.33
2025-06-05,12772.52,12772.52,12770.0,12770.0,-0.31
2025-06-06,12772.52,12772.52,12760.0,12760.0,-0.08
2025-06-09,12707.05,12707.05,12700.0,12700.0,-0.47
2025-06-10,12669.37,12669.37,12669.37,12669.37,-0.24
2025-06-11,12665.0,12665.0,12641.56,12641.56,-0.22
2025-06-12,12640.0,12700.79,12640.0,12700.79,0.47
2025-06-13,12695.0,12755.21,12695.0,12750.0,0.39
2025-06-16,12710.13,12710.13,12710.13,12710.13,-0.31
2025-06-17,12663.14,12663.14,12663.14,12663.14,-0.37
2025-06-18,12613.63,12613.63,12613.63,12613.63,-0.39
2025-06-19,12554.26,12554.26,12554.26,12554.26,-0.47
2025-06-20,12491.94,12491.94,12491.94,12491.94,-0.5
2025-06-23,12405.99,12405.99,12405.99,12405.99,-0.69
2025-06-24,12451.25,12451.25,12451.25,12451.25,0.36
2025-06-25,12450.0,12526.78,12450.0,12526.78,0.61
2025-06-26,12500.0,12581.41,12500.0,12581.41,0.44
2025-06-27,12550.0,12649.13,12550.0,12649.13,0.54
2025-06-30,12689.97,12689.97,12689.97,12689.97,0.32
2025-07-01,12671.11,12671.11,12671.11,12671.11,-0.15
2025-07-02,12586.71,12586.71,12570.0,12570.0,-0.8
2025-07-03,12552.56,12552.56,12552.56,12552.56,-0.14
2025-07-04,12601.73,12601.73,12601.73,12601.73,0.39
2025-07-07,12671.73,12671.73,12650.0,12650.0,0.38
2025-07-08,12707.09,12707.09,12700.0,12700.0,0.4
2025-07-09,12648.32,12648.32,12640.0,12640.0,-0.47
2025-07-10,12629.34,12629.34,12629.34,12629.34,-0.08
2025-07-11,12620.0,12620.0,12610.0,12610.0,-0.15
2025-07-14,12694.14,12694.14,12680.0,12680.0,0.56
2025-07-15,12773.12,12773.12,12770.0,12770.0,0.71
2025-07-16,12753.36,12753.36,12753.36,12753.36,-0.13
2025-07-17,12740.0,12740.0,12653.19,12653.19,-0.79
2025-07-18,12573.21,12573.21,12570.0,12570.0,-0.66
2025-07-21,12598.52,12600.0,12598.52,12600.0,0.24
2025-07-22,12699.02,12700.0,12699.02,12700.0,0.79
2025-07-23,12757.53,12760.0,12757.53,12760.0,0.47
2025-07-24,12648.48,12648.48,12648.48,12648.48,-0.87
2025-07-25,12576.73,12576.73,12576.73,12576.73,-0.57
2025-07-28,12509.34,12509.34,12509.34,12509.34,-0.54
2025-07-29,12495.01,12495.01,12495.01,12495.01,-0.11
2025-07-30,12586.57,12586.57,12580.0,12580.0,0.68
2025-07-31,12687.42,12687.42,12687.42,12687.42,0.85
2025-08-01,12720.16,12720.16,12720.0,12720.0,0.26
2025-08-04,12616.29,12616.29,12616.29,12616.29,-0.82
2025-08-05,12519.89,12519.89,12500.0,12500.0,-0.92
2025-08-06,12497.99,12497.99,12475.0,12475.0,-0.2
2025-08-07,12588.77,12588.77,12588.77,12588.77,0.91
2025-08-08,12667.81,12667.81,12667.81,12667.81,0.63
2025-08-11,12584.35,12589.0,12584.35,12589.0,-0.62
2025-08-12,12504.83,12504.83,12500.0,12500.0,-0.71
2025-08-13,12492.75,12492.75,12475.0,12475.0,-0.2
2025-08-14,12576.97,12576.97,12550.0,12550.0,0.6
2025-08-15,12542.38,12542.38,12500.0,12500.0,-0.4
2025-08-18,12492.19,12492.19,12492.19,12492.19,-0.06
2025-08-19,12475.0,12519.92,12475.0,12480.0,-0.1
2025-08-20,12461.44,12461.44,12450.0,12450.0,-0.24
2025-08-21,12408.79,12408.79,12408.79,12408.79,-0.33
2025-08-22,12400.0,12400.0,12352.09,12352.09,-0.46
2025-08-25,12300.8,12300.8,12300.0,12300.0,-0.42
2025-08-26,12349.65,12349.65,12349.65,12349.65,0.4
2025-08-27,12407.98,12407.98,12400.0,12400.0,0.41
2025-08-28,12477.38,12477.38,12477.38,12477.38,0.62
2025-08-29,12455.7,12455.7,12450.0,12450.0,-0.22
2025-09-01,12455.7,12455.7,12455.7,12455.7,0.05
2025-09-02,12417.9,12417.9,12400.0,12400.0,-0.45
2025-09-03,12369.55,12369.55,12369.55,12369.55,-0.25
2025-09-04,12360.0,12432.15,12360.0,12400.0,0.25
2025-09-05,12515.78,12515.78,12500.0,12500.0,0.81
2025-09-08,12434.41,12434.41,12400.0,12400.0,-0.8
2025-09-09,12350.14,12350.14,12340.0,12340.0,-0.48
2025-09-10,12355.86,12355.86,12355.86,12355.86,0.13
2025-09-11,12442.35,12442.35,12440.0,12440.0,0.68
2025-09-12,12421.83,12421.83,12400.0,12400.0,-0.32
2025-09-15,12339.61,12340.0,12339.61,12340.0,-0.48
2025-09-16,12280.16,12280.16,12280.16,12280.16,-0.48
2025-09-17,12275.0,12275.0,12249.27,12249.27,-0.25
2025-09-18,12309.71,12309.71,12300.0,12300.0,0.41
2025-09-19,12344.87,12344.87,12344.87,12344.87,0.36
2025-09-22,12252.13,12252.13,12240.0,12240.0,-0.85
2025-09-23,12250.0,12250.0,12166.03,12170.0,-0.57
2025-09-24,12214.08,12214.08,12200.0,12200.0,0.25
2025-09-25,12194.71,12194.71,12190.0,12190.0,-0.08
2025-09-26,12133.67,12133.67,12120.0,12120.0,-0.57
2025-09-29,12062.76,12062.76,12062.76,12062.76,-0.47
2025-09-30,12079.1,12079.1,12079.1,12079.1,0.14
2025-10-01,12079.1,12079.1,12079.1,12079.1,0.0
2025-10-02,12080.0,12094.72,12080.0,12094.72,0.13
2025-10-03,12090.0,12090.0,12055.48,12060.0,-0.29
2025-10-06,12017.9,12017.9,12017.9,12017.9,-0.35
2025-10-07,12020.0,12033.68,12020.0,12033.68,0.13
2025-10-08,12025.0,12067.03,12025.0,12067.03,0.28
2025-10-09,12070.0,12118.38,12070.0,12118.38,0.43
2025-10-10,12135.91,12140.0,12135.91,12140.0,0.18
2025-10-13,12144.55,12144.55,12144.55,12144.55,0.04
2025-10-14,12180.11,12180.11,12170.0,12170.0,0.21
2025-10-15,12170.0,12228.67,12170.0,12200.0,0.25
2025-10-16,12155.99,12160.0,12155.99,12160.0,-0.33
2025-10-17,12103.24,12103.24,12103.24,12103.24,-0.47
2025-10-20,12055.15,12055.15,12055.15,12055.15,-0.4
2025-10-21,12006.02,12006.02,12000.0,12000.0,-0.46
2025-10-22,12096.29,12100.0,12096.29,12100.0,0.83
2025-10-23,12124.33,12124.33,12120.0,12120.0,0.17
2025-10-24,12112.35,12112.35,12100.0,12100.0,-0.17
2025-10-27,12048.46,12048.46,12025.0,12025.0,-0.62
2025-10-28,11999.47,12000.0,11999.47,12000.0,-0.21
2025-10-29,11985.53,11998.0,11980.0,11980.0,-0.17
2025-10-30,12020.22,12020.22,12000.0,12000.0,0.17
2025-10-31,12000.09,12000.09,12000.09,12000.09,0.0
2025-11-03,11967.34,11967.34,11967.34,11967.34,-0.27
2025-11-04,11960.0,11960.0,11945.63,11945.63,-0.18
2025-11-05,11965.67,11965.67,11965.67,11965.67,0.17
2025-11-06,11950.0,12017.92,11950.0,12017.92,0.44
2025-11-07,12000.0,12055.27,12000.0,12055.27,0.31
2025-11-10,12009.94,12009.94,12009.94,12009.94,-0.38
2025-11-11,11985.0,11985.0,11985.0,11985.0,-0.21
2025-11-12,11967.35,11967.35,11967.35,11967.35,-0.15
2025-11-13,11960.0,11980.1,11960.0,11980.1,0.11
2025-11-14,12034.61,12034.61,12030.0,12030.0,0.42
2025-11-17,12004.92,12004.92,12000.0,12000.0,-0.25
2025-11-18,11935.7,11935.7,11935.7,11935.7,-0.54
2025-11-19,11900.0,11905.93,11900.0,11905.93,-0.25
2025-11-20,11910.0,11910.0,11909.67,11909.67,0.03
2025-11-21,11966.4,11966.4,11966.4,11966.4,0.48
2025-11-24,11983.32,12043.43,11980.45,12013.31,0.39
2025-11-25,12013.07,12056.31,11913.27,11954.25,-0.49
2025-11-26,11953.23,11990.72,11855.15,11895.11,-0.49
2025-11-27,11893.53,11919.03,11827.47,11887.47,-0.06
2025-11-28,11886.21,11975.55,11841.89,11947.09,0.5
2025-12-01,11950.63,11968.92,11860.52,11904.02,-0.36
2025-12-02,11905.01,11944.83,11850.99,11885.07,-0.16
2025-12-03,11884.87,12204.75,11861.89,11918.35,0.28
2025-12-04,11918.54,12113.22,11889.69,11950.11,0.27
2025-12-05,11949.07,12018.51,11925.17,11998.45,0.4
2025-12-08,12007.77,12039.49,11950.95,12005.84,0.06
2025-12-09,12006.49,12042.48,11968.07,12018.04,0.1
2025-12-10,12017.87,12033.91,11980.68,12008.62,-0.08
2025-12-11,12006.97,12049.45,11936.1,12039.32,0.26
2025-12-12,12039.08,12090.29,12008.87,12036.17,-0.03
2025-12-15,12055.15,12143.88,12028.41,12117.23,0.67
2025-12-16,12116.32,12155.03,12070.0,12090.6,-0.22
2025-12-17,12091.19,12132.97,12044.42,12071.98,-0.15
2025-12-18,12071.55,12077.73,12019.22,12033.61,-0.32
2025-12-19,12033.39,12057.42,12001.63,12029.0,-0.04
2025-12-22,12036.37,12042.57,11989.55,12007.52,-0.18
2025-12-23,12007.22,12101.42,11951.62,12062.79,0.46
2025-12-24,12062.42,12099.55,12040.63,12071.12,0.07
2025-12-25,12085.2,12100.78,12059.64,12094.02,0.19
2025-12-26,12093.03,12124.17,12046.0,12097.04,0.02
2025-12-29,12069.11,12108.46,11987.63,12023.92,-0.6
2025-12-30,12024.06,12050.67,11969.59,12021.95,-0.02
2025-12-31,12022.34,12047.97,11997.0,12006.74,-0.13
2026-01-01,12014.55,12023.39,12014.01,12015.53,0.07
2026-01-02,12015.58,12029.69,11995.51,12020.38,0.04
2026-01-05,12014.71,12046.6,11916.65,11989.09,-0.26
2026-01-06,11990.25,12016.21,11939.03,11960.25,-0.24
2026-01-07,11959.47,12047.36,11930.5,12022.72,0.52
2026-01-08,12037.18,12090.01,12006.14,12050.13,0.23
2026-01-09,12072.46,12155.09,12026.05,12132.11,0.5
2026-01-12,12115.59,12115.59,12070.88,12081.19,-0.42
2026-01-13,12100.95,12126.51,12049.61,12081.44,-0.16
2026-01-14,12072.76,12102.8,11966.1,12006.98,-0.63
2026-01-15,12032.43,12037.78,11961.26,11973.29,-0.53
2026-01-16,11982.53,12009.33,11938.27,11963.85,-0.16
2026-01-19,11946.36,12076.51,11934.29,12024.37,0.51
2026-01-20,12002.67,12099.6,11968.32,12041.96,0.27
2026-01-21,12045.23,12130.37,12018.06,12107.56,0.64
2026-01-22,12087.02,12170.48,12069.74,12139.89,0.35
2026-01-23,12137.03,12164.27,12048.94,12058.27,-0.64
2026-01-26,12059.12,12110.03,12044.17,12082.32,0.2
2026-01-27,12109.3,12152.06,12083.82,12128.52,0.25
2026-01-28,12134.34,12185.92,12100.37,12121.16,-0.12
2026-01-29,12138.54,12182.39,12109.24,12117.81,-0.25
2026-01-30,12144.77,12279.48,12102.4,12219.17,0.62
2026-02-02,12262.45,12298.87,12211.71,12231.53,0.1
2026-02-03,12244.58,12270.93,12234.04,12266.68,0.24
2026-02-04,12249.08,12278.45,12240.7,12264.84,0.04
